id,domain,status,purchase_price,renewal_price,attractiveness,demand,length,registrar,created_at,expires_at,status_verified_at
fbf01cb5-3f48-417a-b239-5725e8e00c08,sharon.pub,available,39.99,39.99,high,low,6,namesilo,,,27/09/2026 06:30
2c2a2eb3-6bad-40c6-b194-b7ed791d803f,handless.pub,available,39.99,39.99,medium,low,8,namesilo,,,11/08/2026 10:12
7a68c147-4af9-4664-accd-b6d123890cbe,cyclical.pub,available,47.99,52.99,high,low,8,name.com,,,13/08/2026 13:34
6d503227-31f7-4625-ba52-aa5d19b92fd2,unbleached.pub,available,39.99,39.99,medium,low,10,namesilo,,,12/09/2026 02:04
4c67e2ef-8259-4265-889e-0f9f44d17a51,resolve.pub,available,33.08,33.08,high,low,7,dynadot,,,28/09/2026 01:54
cf38ebaa-e937-4061-8c6b-b1b3adc4fd54,windmill.pub,available,39.99,39.99,high,low,9,namesilo,,,17/09/2026 13:01
eed19fb1-b22b-4812-834f-9120ef6b0c9e,fordham.pub,available,39.99,39.99,medium,low,7,namesilo,,,27/09/2026 07:54
4534c3e3-b7b9-484b-b261-508788b53e88,shabby.pub,available,39.99,39.99,medium,low,6,namesilo,,,25/08/2026 06:58
d48c18ae-11ad-46cb-9ed8-b9bf3dcdf15e,anergy.pub,available,39.99,39.99,medium,low,6,namesilo,,,19/09/2026 05:29
6e8a3805-9a7c-4a74-91a0-335c60743d5d,bach.pub,available,47.99,52.99,high,low,4,name.com,,,21/09/2026 14:07
e2683019-595a-4d19-978d-1a62c585b023,legalize.pub,available,39.99,39.99,high,low,8,namesilo,,,22/08/2026 23:05
bfc39d8e-012e-4b64-9388-65d4052a0382,aversion.pub,available,39.99,39.99,medium,low,8,namesilo,,,19/09/2026 14:54
1d216877-d654-440f-a897-f3c23022056a,ambience.pub,available,39.99,39.99,high,low,8,namesilo,,,18/09/2026 16:42
cf0cec13-e61e-4b3f-9466-8f5c067e85e3,bionomic.pub,available,39.99,39.99,medium,low,8,namesilo,,,10/08/2026 03:03
9a386b94-bc8e-4156-be34-4d5152652d99,cubist.pub,available,39.99,39.99,high,low,6,namesilo,,,13/08/2026 10:03
3d4d93b4-fb19-461f-bbab-82a1b316a018,appal.pub,available,39.99,39.99,medium,low,5,namesilo,,,18/09/2026 01:52
2c9ab412-2024-495b-a3b8-b450a6324352,duchess.pub,available,39.99,39.99,high,low,7,namesilo,,,
3bab787e-56ee-422b-a3e2-83623044eaf9,pretence.pub,available,39.99,39.99,medium,low,8,namesilo,,,25/09/2026 16:31
00fecf13-c837-4eb7-8da8-8227e21d3992,vainly.pub,available,39.99,39.99,medium,low,6,namesilo,,,15/09/2026 07:33
92b0768e-cece-4409-8f5c-3a82424b49a6,salaried.pub,available,42.98,51.98,high,low,8,namecheap,,,12/08/2026 19:23
0a24dd5f-e49b-4124-a0e7-03081a3a0046,midday.pub,available,39.99,39.99,high,low,6,namesilo,,,
0e6eb454-2573-41e3-a34d-8fe4ffebc0b8,suffering.pub,available,39.99,39.99,high,low,9,namesilo,,,25/08/2026 01:27
c64d848f-d692-4960-90b1-6ae354c47ccc,suits.pub,available,39.99,39.99,high,low,5,namesilo,,,18/09/2026 12:41
8b15c2cc-81cd-456e-b5d0-2c39bdd4238c,firebug.pub,available,39.99,39.99,medium,low,7,namesilo,,,22/08/2026 00:57
cbf380d9-0a79-4843-9fa6-2b3bab7512b0,needing.pub,available,39.99,39.99,high,low,7,namesilo,,,
44a6ec77-e0bc-4517-a09a-aa9216e54637,household.pub,available,39.99,39.99,high,low,9,namesilo,,,
ce6eaf31-1c29-4986-b134-7bebbbabd17d,romp.pub,available,42.98,51.98,high,low,4,namecheap,,,09/09/2026 19:26
23727e0a-84a1-40ed-8d96-ddc8bf91733e,abiders.pub,available,39.99,39.99,medium,low,7,namesilo,,,18/09/2026 03:55
228d52ea-7ea7-45e3-9b78-e095f861049e,offending.pub,available,39.99,39.99,medium,low,9,namesilo,,,04/09/2026 01:28
e5b4d9e9-24ad-48d8-ba35-d3875b5dbbaf,abalone.pub,available,39.99,39.99,medium,low,7,namesilo,,,16/09/2026 13:49
b3c7d6a4-bc9b-4859-abe7-e45114665cd6,photograph.pub,available,39.99,39.99,high,low,10,namesilo,,,26/09/2026 00:03
31a55764-50ad-4bde-b5b8-ef08e5a997ed,solomonic.pub,available,39.99,39.99,medium,low,9,namesilo,,,10/09/2026 13:43
fa32cc6a-0c59-4381-a53d-139593eb3ce0,heckler.pub,available,39.99,39.99,medium,low,7,namesilo,,,21/09/2026 17:11
d15d8c91-5fd4-4166-a641-da9d9d10deec,formic.pub,available,39.99,39.99,medium,low,6,namesilo,,,18/08/2026 12:11
2ee1c62a-7691-4a62-9c87-6e3222579ffc,azalea.pub,available,42.98,51.98,high,low,6,namecheap,,,21/09/2026 11:00
1da7e2b8-05b7-4802-9adb-b0bed38e8b2f,spreading.pub,available,39.99,39.99,medium,low,9,namesilo,,,10/09/2026 16:45
8adaddcc-75f0-4c4c-aa83-aa3c47797ccb,repository.pub,available,39.99,39.99,high,low,10,namesilo,,,24/09/2026 21:59
ddfcbdd0-45c5-4f74-9f6c-5d04fd3241bc,bedframe.pub,available,39.99,39.99,medium,low,9,namesilo,,,22/09/2026 23:17
21052359-f708-4a5f-8026-bec224d716ae,miami.pub,premium,1107,1107,high,medium,5,namesilo,,,25/09/2026 09:20
58038330-eb92-43d9-885a-d9584d8df034,proves.pub,available,39.99,39.99,medium,low,6,namesilo,,,18/09/2026 07:04
09c1e106-f66c-49f2-ad17-1942075303c8,artfully.pub,available,42.98,51.98,high,low,8,namecheap,,,13/09/2026 20:53
921ab8e5-7c01-45ad-a048-07c86e8d5cf6,maltese.pub,available,39.99,39.99,high,low,7,namesilo,,,24/08/2026 14:15
89fed7ff-90ee-4ade-bdd2-96acb0be8cb9,wealthily.pub,available,39.99,39.99,medium,low,9,namesilo,,,16/09/2026 11:21
865fb21e-c399-41cd-97cc-97529a52617f,brushing.pub,available,32.29,32.29,medium,low,8,spaceship,,,29/09/2026 04:50
5a9916d1-c1d9-468d-bea3-5f8b85b64528,timestamps.pub,available,42.98,51.98,medium,low,10,namecheap,,,20/09/2026 14:31
1e399fef-66a2-4bb5-af8d-e825e5810be1,agenesis.pub,available,42.98,51.98,medium,low,8,namecheap,,,17/09/2026 17:08
aed2a8e9-0e04-41af-a6f1-4dc0f45bebae,badly.pub,available,42.98,51.98,medium,low,5,namecheap,,,22/09/2026 16:07
6045652c-0267-4ca0-b4f9-c70f9ccdd3b8,frankenstein.pub,available,32.29,32.29,high,low,12,spaceship,,,28/09/2026 21:01
e5b6f77f-2c6b-4072-85a0-65c544b49467,talent.pub,resell,,,high,medium,6,"Xiamen ChinaSource Internet Service Co., Ltd",25/12/2024 11:45,25/12/2026 11:45,26/09/2026 09:30
87882a80-3740-40c3-8c36-03bbe98b2abf,cos.pub,resell,,,high,medium,3,"Chengdu West Dimension Digital Technology Co., Ltd.",17/07/2020 15:30,17/07/2027 15:30,26/09/2026 05:16
975bdeef-b0b7-424b-8308-0c8e7845b14b,amman.pub,premium,520,520,medium,low,5,namecheap,,,18/09/2026 21:59
a5eb67c7-52ed-4765-b918-cc308141bd09,sandusky.pub,available,39.99,39.99,medium,low,8,namesilo,,,28/09/2026 22:26
94a49bab-9176-431e-9727-790e5d23d766,lawton.pub,available,32.29,32.29,medium,low,6,spaceship,,,28/09/2026 02:15
7abd0ac9-1c52-492e-8fa1-364b23294bf4,shakeable.pub,available,39.99,39.99,medium,low,9,namesilo,,,10/09/2026 05:34
b8b997de-3125-4897-ac5e-aa128e56a428,banality.pub,available,42.98,51.98,medium,low,8,namecheap,,,12/08/2026 19:14
564f71f1-c278-4728-b5ca-47871a360ec4,cadent.pub,available,39.99,39.99,medium,low,6,namesilo,,,11/08/2026 12:48
4a39901a-ac4c-4c06-9eac-221a3c13c99f,assuage.pub,available,39.99,39.99,high,low,7,namesilo,,,18/08/2026 22:06
6ca79dff-c0dc-4119-95c9-05d4d09db86a,lenient.pub,available,39.99,39.99,high,low,7,namesilo,,,22/08/2026 23:46
f74a261f-d099-4015-b66e-01090020a6ee,noted.pub,available,39.99,39.99,high,low,5,namesilo,,,11/08/2026 23:17
dca870b6-ccd4-4c56-b49b-6107deba0cfd,wrinkles.pub,available,39.99,39.99,medium,low,8,namesilo,,,16/09/2026 13:02
752a8436-5f0d-4993-8f6d-d0bb295cb421,gloria.pub,available,39.99,39.99,high,low,6,namesilo,,,27/09/2026 02:39
835036da-35da-4ce5-81ab-f26d72f466aa,davies.pub,available,32.44,32.44,medium,low,6,porkbun,,,29/09/2026 03:54
0ec2fe96-2803-4487-83f4-ff86dc3640c0,vapourish.pub,available,39.99,39.99,medium,low,9,namesilo,,,13/09/2026 01:13
02b32d54-23ca-4ac2-9b5d-f99646a558b0,peninsular.pub,available,39.99,39.99,high,low,10,namesilo,,,08/09/2026 14:28
48cd00c5-7d30-47c1-8570-d52035aa44ce,clone.pub,available,42.98,51.98,high,low,5,namecheap,,,24/09/2026 15:51
4cb92d15-a6c4-4cd3-9036-f306bc46a043,hewn.pub,available,39.99,39.99,medium,low,4,namesilo,,,20/08/2026 23:16
7504be4f-5daa-4b19-88c7-6a596bd615ab,whiff.pub,available,39.99,39.99,high,low,5,namesilo,,,09/09/2026 05:39
bd2912d7-cf78-4fbc-9f7b-cf11484f219d,causally.pub,available,39.99,39.99,medium,low,8,namesilo,,,14/09/2026 06:01
96ee5af9-1d05-4b1c-90f8-f25b6ca09e55,subarctic.pub,available,39.99,39.99,medium,low,9,namesilo,,,10/09/2026 23:36
d4ba1219-ef6d-4075-9caf-8f4a4933c504,jerusalem.pub,available,32.29,32.29,medium,low,9,spaceship,,,28/09/2026 09:14
aa7d7037-a3a2-458f-9acf-a02877701302,remains.pub,available,42.98,51.98,medium,low,7,namecheap,,,27/09/2026 03:27
19783275-046e-46e0-8376-68b0a61826db,glassless.pub,available,39.99,39.99,medium,low,9,namesilo,,,20/08/2026 14:11
f0ddd372-3dc4-4db6-a0e9-11e6e4551bee,bernice.pub,available,42.98,51.98,medium,low,7,namecheap,,,28/09/2026 21:58
d88d6598-caa2-4425-a9e5-097075854aa8,diversely.pub,available,39.99,39.99,medium,low,9,namesilo,,,14/09/2026 13:25
870dd000-2385-4279-b6f3-142a5334f0ab,meddling.pub,available,39.99,39.99,medium,low,8,namesilo,,,11/08/2026 11:24
ac8b35e8-23da-4651-a183-0a398d5ff14f,toes.pub,available,39.99,39.99,medium,low,4,namesilo,,,17/09/2026 01:11
59deb172-d620-4164-8c58-bdf23e9fe49f,salon.pub,resell,,,high,low,5,"Chengdu West Dimension Digital Technology Co., Ltd.",03/04/2025 12:55,03/04/2027 12:55,26/09/2026 08:47
8de57d9c-8838-4ab4-ba64-6363f1b7e525,salesman.pub,available,32.29,32.29,high,low,8,spaceship,,,27/09/2026 15:44
06231eba-fa3c-4a41-bfbd-863e791f228e,courtesy.pub,available,42.98,51.98,high,low,8,namecheap,,,24/09/2026 18:48
6e422142-bf4b-464e-9b6e-5325e645cc24,blending.pub,available,39.99,39.99,high,low,8,namesilo,,,24/09/2026 05:51
26ed53f9-3739-4936-acdd-b9a3fe451841,textbook.pub,available,39.99,39.99,high,low,8,namesilo,,,23/09/2026 13:09
4cf6f935-0de0-424a-8b81-6302097d0ec1,ineffably.pub,available,39.99,39.99,medium,low,9,namesilo,,,15/09/2026 07:55
7f06ced3-e1d2-4067-a7ba-11101dc7492b,helping.pub,available,39.99,39.99,high,low,7,namesilo,,,
b886b5ca-721f-4346-baf3-609ff1244c42,variable.pub,available,32.29,32.29,high,low,8,spaceship,,,28/09/2026 10:08
1d797d02-8387-4c93-80d1-9a217b62152e,sunburnt.pub,available,39.99,39.99,medium,low,8,namesilo,,,11/09/2026 01:48
86d2a128-1a21-454b-a4b8-7ad612b7dfbb,island.pub,available,47.99,,high,low,6,name.com,,,
ca0321f2-0da8-4efc-838b-6617fd6969ef,scrupulous.pub,available,39.99,39.99,high,low,10,namesilo,,,12/08/2026 22:22
4e200937-b8ef-42b3-be2e-e074e7e09bfb,stress.pub,available,32.29,32.29,high,low,6,spaceship,,,28/09/2026 17:21
b61f7d30-7535-4c47-bfe4-20a59ac48975,areal.pub,available,39.99,39.99,medium,low,5,namesilo,,,06/08/2026 17:21
afefb668-265d-46d3-9e02-98f7cc87cc81,tetrad.pub,available,39.99,39.99,medium,low,6,namesilo,,,
9d72a772-f1f6-45b9-b4df-3f9923b86d4d,leafed.pub,available,39.99,39.99,medium,low,6,namesilo,,,22/08/2026 21:52
e7a43552-2634-418b-8b93-168607650506,unite.pub,available,42.98,51.98,high,low,5,namecheap,,,24/09/2026 16:23
478094a0-6fc6-490c-ae49-3e491029140f,sixties.pub,available,39.99,39.99,high,low,7,namesilo,,,16/09/2026 12:11
d2d7ebb3-01a4-42d4-8ba3-1635657b3326,airframe.pub,available,39.99,39.99,high,low,8,namesilo,,,17/09/2026 23:10
9dd39744-2ee7-494b-b179-f8cc723f22a1,wheezy.pub,available,39.99,39.99,medium,low,6,namesilo,,,07/08/2026 09:31
31a7c61a-300f-40df-8c8c-daff2b70bf08,cultures.pub,available,39.99,39.99,medium,low,8,namesilo,,,28/09/2026 23:32
237eed38-9e36-4e61-aa42-c972a76d091f,kerala.pub,available,39.99,39.99,medium,low,6,namesilo,,,28/09/2026 16:15
44c9bcea-7209-46ff-85ff-378494ca25de,failures.pub,available,42.98,51.98,low,low,8,namecheap,,,20/09/2026 17:55
23a404ca-c674-4495-b9d4-cb51023f61fa,depicted.pub,available,39.99,39.99,medium,low,8,namesilo,,,14/08/2026 02:12
84a9347b-1aaf-4ff9-b203-f34b5b096d52,frosty.pub,available,39.99,39.99,high,low,6,namesilo,,,18/08/2026 16:26
64a32281-bde6-4827-8c07-d313f1c287b5,cheery.pub,available,39.99,39.99,high,low,6,namesilo,,,12/08/2026 03:56
b4fbb405-d8c2-4bd7-a258-020eb1a9cebc,flack.pub,available,39.99,39.99,medium,low,5,namesilo,,,
5c0d19df-21bf-4c31-87d0-3d2066e1a183,farewell.pub,available,69.99,69.99,high,low,8,godaddy,,,28/09/2026 01:53
f0c2fddc-2597-4744-bea5-7389ed6a54b6,wholesome.pub,available,39.99,39.99,high,low,9,namesilo,,,28/09/2026 10:32
82b36efe-20fc-44d3-ab8b-591f08966762,algebras.pub,available,32.44,32.44,low,low,8,porkbun,,,28/09/2026 13:28
78882fcf-884a-4c64-9f37-d9786bedbff2,trophy.pub,available,39.99,39.99,high,low,6,namesilo,,,
ce0893fc-7de8-43fe-8b47-ad5382551e34,brochure.pub,available,42.98,51.98,high,low,8,namecheap,,,24/09/2026 07:07
0bb9eff7-3cb8-4f76-a352-ba489dcd7f96,triclinic.pub,available,39.99,39.99,medium,low,9,namesilo,,,
23efebaf-d4eb-4f9a-a864-4904f7d88795,cancelled.pub,available,39.99,39.99,high,low,9,namesilo,,,11/08/2026 16:25
3ebf63af-6651-47e6-9b60-1567ed615715,aphis.pub,available,39.99,39.99,medium,low,5,namesilo,,,19/09/2026 17:05
487d1b10-2665-449d-ab76-e9993e50b270,aerophagia.pub,available,39.99,39.99,medium,low,10,namesilo,,,17/09/2026 13:11
010ad2a0-9f48-4b1f-acff-78f6da3abd91,prurient.pub,available,39.99,39.99,medium,low,8,namesilo,,,24/08/2026 11:58
1d491069-f33b-40fc-8b03-9b35585cd690,balloons.pub,available,31.2,31.2,medium,low,8,cloudflare,,,28/09/2026 18:12
ebd84df6-f2e7-42b2-809a-f2ffa712231e,sprawl.pub,available,39.99,39.99,high,low,6,namesilo,,,10/09/2026 16:41
48e24cd7-01db-4a59-8ab3-dde540f68480,structures.pub,available,39.99,39.99,medium,low,10,namesilo,,,
d5f452f1-7424-420b-9ea4-a07da946b7ad,initiate.pub,available,39.99,39.99,high,low,8,namesilo,,,17/08/2026 09:35
ee0dd253-8fe1-4376-a111-12ad07a37844,criteria.pub,available,39.99,39.99,high,low,8,namesilo,,,
be7ebf72-7370-426d-aab1-753b849caaa5,clop.pub,available,39.99,39.99,medium,low,4,namesilo,,,15/09/2026 20:47
10f72a2a-bc00-4d6e-94ae-a367bac33461,monkish.pub,available,39.99,39.99,medium,low,7,namesilo,,,25/08/2026 04:53
d295cd45-a7d4-4c90-8fc2-abc513a192fe,greenback.pub,available,39.99,39.99,high,low,9,namesilo,,,22/09/2026 02:17
4f693c29-8317-45dd-9451-f5c4b537ea81,aircraft.pub,available,39.99,39.99,high,low,8,namesilo,,,17/09/2026 23:03
88740efd-2367-400c-be7d-a6639d2c2a9a,carpus.pub,available,39.99,39.99,medium,low,6,namesilo,,,20/09/2026 11:32
9bd0d1f5-2929-46e5-9d3f-4e5298c9a79b,attendant.pub,available,42.98,51.98,high,low,9,namecheap,,,21/09/2026 15:40
6c29c0cc-fcad-4be5-b9b2-e34d2c86410b,manufacture.pub,available,32.44,32.44,high,low,11,porkbun,,,28/09/2026 21:00
07b32e5d-38cb-4add-9e22-91fbb6786146,default.pub,available,47.99,,high,low,7,name.com,,,
52ce6f1c-0bce-419b-aa0b-0ebaf6b71725,showed.pub,available,39.99,39.99,medium,low,6,namesilo,,,
694decf2-487b-403f-b98f-8bb34301e19b,batholith.pub,available,39.99,39.99,medium,low,9,namesilo,,,22/09/2026 13:43
63207ee1-3418-4782-af20-af6c450221a1,rode.pub,available,39.99,39.99,medium,low,4,namesilo,,,28/09/2026 11:10
0c7ec87c-246f-44ea-b983-0d8e6d47a3c4,slouchy.pub,available,39.99,39.99,medium,low,7,namesilo,,,19/09/2026 04:23
4586199a-108f-4e61-a472-8062921cac9b,voter.pub,available,39.99,39.99,high,low,5,namesilo,,,
a59ae2a9-f5d8-40ca-82e2-fb8b4233e2ad,recording.pub,available,39.99,39.99,high,low,9,namesilo,,,
d4371c59-b8a3-47dc-a425-0ac91d0d1485,sensually.pub,available,39.99,39.99,medium,low,9,namesilo,,,16/09/2026 00:58
f4de210e-7876-407b-b523-737b3c951cdf,foyer.pub,available,47.99,52.99,high,low,5,name.com,,,19/09/2026 12:45
f40c79a6-5693-49a5-8553-b07d7b25e469,betrayal.pub,available,39.99,39.99,medium,low,8,namesilo,,,23/09/2026 11:24
4b99c0af-7e73-4ba4-a708-5e24cf0c11bb,tyranny.pub,available,42.98,51.98,medium,low,7,namecheap,,,16/09/2026 18:02
f96abf23-3485-4e5c-9f80-d89da75a4b84,unpunished.pub,available,39.99,39.99,medium,low,10,namesilo,,,12/09/2026 17:37
0f076d86-75df-45e2-b1ba-64fb6b598c32,bacillus.pub,available,39.99,39.99,medium,low,8,namesilo,,,21/09/2026 11:42
804ea2c4-3b02-4d8f-bca8-21e8d56df1a8,kinetic.pub,available,39.99,39.99,high,low,7,namesilo,,,17/08/2026 06:45
584f85cf-7b8b-4431-a2a5-05ee3a064905,attache.pub,available,39.99,39.99,high,low,7,namesilo,,,21/09/2026 01:04
06bd7e4a-a71d-4da5-b6e3-09a8244ea384,anoa.pub,available,39.99,39.99,medium,low,4,namesilo,,,19/09/2026 11:10
e7becdfb-884b-42a0-941f-4eeab2424cd9,retire.pub,available,39.99,39.99,high,low,6,namesilo,,,
22999584-28ef-461f-a444-69621e9747ab,constructive.pub,available,47.99,,high,low,12,name.com,,,
1fa1ce0e-21a5-402a-831c-30c8d60f7e7c,whom.pub,available,39.99,39.99,medium,low,4,namesilo,,,
43c64851-56eb-4250-b0bc-22826d857207,messenger.pub,available,42.98,51.98,high,low,9,namecheap,,,24/09/2026 18:45
cb2c5a6c-bc84-464c-864a-65f78ab6c44a,kathleen.pub,available,39.99,39.99,high,low,8,namesilo,,,25/09/2026 14:34
dd631a81-c0ee-485d-8b15-55e92547f486,texted.pub,available,39.99,39.99,medium,low,6,namesilo,,,20/09/2026 17:16
498d0d94-c2ed-41e8-add6-05058c5ce950,mingy.pub,available,39.99,39.99,low,low,5,namesilo,,,24/08/2026 23:43
a605cd06-4b77-4bbd-9958-d2365db5b074,secondary.pub,available,39.99,39.99,high,low,9,namesilo,,,25/09/2026 12:14
d75e8d82-2e16-4433-a766-ef1c77b02202,roadster.pub,available,39.99,39.99,high,low,8,namesilo,,,11/08/2026 08:06
1c8f71e1-fa91-4b86-a065-fc038b59e2bd,parrish.pub,available,39.99,39.99,medium,low,7,namesilo,,,28/09/2026 14:51
a67ff51f-1070-476e-8f8d-78d867005ff4,backlog.pub,available,39.99,39.99,high,low,7,namesilo,,,21/09/2026 15:41
40dcebaa-a316-4915-89eb-21debf672830,estimating.pub,available,39.99,39.99,medium,low,10,namesilo,,,
8e6a4f38-2aa7-43a2-a3ea-13ec80a9403d,shoal.pub,available,39.99,39.99,high,low,5,namesilo,,,10/09/2026 05:46
76f60a58-d8d2-4cdb-ba9f-161939e4ad9b,splurge.pub,available,39.99,39.99,high,low,7,namesilo,,,23/09/2026 17:20
dc0e70ef-78cd-425d-96d7-dc761b0dd434,flavorless.pub,available,39.99,39.99,medium,low,10,namesilo,,,10/08/2026 12:57
6f44f343-13cf-4b48-be7c-f06865222fef,therefor.pub,available,39.99,39.99,medium,low,8,namesilo,,,16/09/2026 08:40
55ce7fb0-cae9-476d-91c7-6f32b5249a62,agony.pub,available,39.99,39.99,medium,low,5,namesilo,,,11/09/2026 01:10
ab87b609-553c-48a6-b6b9-78605546ebbb,clef.pub,available,39.99,39.99,high,low,4,namesilo,,,24/09/2026 15:30
c9e54a88-94b8-4cfa-a58c-c4c3cfe252d2,piston.pub,available,39.99,39.99,high,low,6,namesilo,,,
daf1c8a4-f9ac-4aee-95c9-241feddc4c1d,dramatic.pub,available,39.99,39.99,high,low,8,namesilo,,,24/09/2026 12:04
c657ee5c-1ec1-4ad7-a3f3-f19fc55cd887,care.pub,resell,,,high,medium,4,"Chengdu West Dimension Digital Technology Co., Ltd.",12/03/2020 20:30,12/03/2027 20:30,26/09/2026 04:46
3ac5b4ca-6185-4981-aa48-37fc9cb5f0a5,spiders.pub,available,39.99,39.99,medium,low,7,namesilo,,,16/09/2026 05:32
f7b73af7-0244-4b4e-a954-2f8b686e6828,nobel.pub,available,39.99,39.99,high,low,5,namesilo,,,18/09/2026 06:24
db13566d-2c0b-4615-a4b9-b24153067dee,bustling.pub,available,39.99,39.99,high,low,8,namesilo,,,11/08/2026 11:21
d0ff2bf0-578d-4e85-9804-dff9892d8796,everywhere.pub,available,32.29,32.29,high,low,10,spaceship,,,28/09/2026 14:50
1e8d6915-a45f-403f-a3e4-4d3a5f4fff39,settling.pub,available,31.2,31.2,high,low,8,cloudflare,,,28/09/2026 20:24
dc77c4ae-bc72-4a9f-b527-d4b7838744be,starch.pub,available,39.99,39.99,high,low,6,namesilo,,,19/09/2026 00:32
6ed00fd5-7eb4-4d1b-8c0f-0613f5e4fb3c,betise.pub,available,39.99,39.99,medium,low,6,namesilo,,,23/09/2026 11:18
2aec53d0-54ab-4771-8e76-351a36020dbf,dismissed.pub,available,39.99,39.99,medium,low,9,namesilo,,,24/09/2026 11:01
5961871c-ebe1-4b38-8a90-e94f6459af33,pepperidge.pub,available,39.99,39.99,medium,low,10,namesilo,,,24/09/2026 00:49
40bbe7bb-b9a4-4ca3-9071-1e0203b2a5df,biddable.pub,available,39.99,39.99,medium,low,8,namesilo,,,
9bbd8acb-7971-4442-9e85-f20570bcef4d,arithmetic.pub,available,39.99,39.99,high,low,10,namesilo,,,22/09/2026 07:53
f426b9f2-912b-4aea-bf62-f28c0fc81041,inchoate.pub,available,39.99,39.99,medium,low,8,namesilo,,,22/08/2026 01:16
537b9a15-7f7e-4429-a1d9-6e262237ee61,cured.pub,available,39.99,39.99,high,low,5,namesilo,,,13/08/2026 01:35
f6cc9a66-2c5e-412f-925a-3d54cf4c9663,grower.pub,available,42.98,51.98,high,low,6,namecheap,,,17/09/2026 19:21
9b0d2026-9347-4a35-861b-7f31b9cffe66,aneuploid.pub,available,39.99,39.99,medium,low,9,namesilo,,,
d79fcd8d-55d2-4ac2-8a33-6d1700895b14,unrecorded.pub,available,39.99,39.99,medium,low,10,namesilo,,,24/08/2026 07:46
8d2c3be4-c001-4cb0-8372-cf8f411f08d1,stentorian.pub,available,42.98,51.98,medium,low,10,namecheap,,,10/09/2026 20:07
395668c3-a532-4f57-af74-e3663bc580ac,mitral.pub,available,39.99,39.99,medium,low,6,namesilo,,,25/08/2026 02:10
ac998ca5-5f7d-44cf-abc5-12b127c83946,gardening.pub,available,32.29,32.29,high,low,9,spaceship,,,28/09/2026 14:15
c975750e-bc4e-4fb4-bda8-1ae79eb19886,endovenous.pub,available,39.99,39.99,medium,low,10,namesilo,,,17/08/2026 01:21
0ea8d69b-9d74-4875-b942-0912966cd549,rehab.pub,available,32.29,32.29,high,low,5,spaceship,,,28/09/2026 22:56
e51bf6f2-a45b-4d34-a4af-f1dddda19373,laziness.pub,available,31.2,31.2,medium,low,8,cloudflare,,,28/09/2026 17:35
9d738583-6f2e-4a8e-a4f0-9a2c3c83f8a7,slithery.pub,available,39.99,39.99,medium,low,8,namesilo,,,10/09/2026 11:09
c9aece04-1f13-46df-b67a-4820e27ced25,direct.pub,resell,,,high,medium,6,"Xiamen ChinaSource Internet Service Co., Ltd",08/07/2024 17:00,08/07/2027 17:00,26/09/2026 05:34
62d2edde-3bec-459b-969d-731cb41e2a3f,slyly.pub,available,39.99,39.99,medium,low,5,namesilo,,,14/09/2026 09:08
11e970a7-db2b-4a28-a1d9-febb75ed87a6,baden.pub,available,39.99,39.99,medium,low,5,namesilo,,,25/09/2026 13:59
daea78f8-0663-456a-8102-c70b57643849,fathers.pub,available,39.99,39.99,medium,low,7,namesilo,,,27/09/2026 09:58
c47cee61-99d8-4be9-ac88-c281b338e318,definitely.pub,available,31.2,31.2,high,low,10,cloudflare,,,28/09/2026 13:38
3ca02cf9-5724-432f-8f79-05d449b1ec11,glooming.pub,available,39.99,39.99,medium,low,8,namesilo,,,20/08/2026 14:41
2e69f025-a134-440d-982f-1debb7878562,endure.pub,available,39.99,39.99,high,low,6,namesilo,,,11/08/2026 02:41
cb67b8c9-078e-4dca-a4bb-25e5f989668e,satisfies.pub,available,39.99,39.99,medium,low,9,namesilo,,,20/09/2026 14:54
3ea22e70-8038-4996-b5a3-ca7ce8e7cab1,heatless.pub,available,39.99,39.99,medium,low,8,namesilo,,,21/08/2026 02:27
08d8e25a-3e24-4a3f-b564-1cb6b649ebfa,layered.pub,available,39.99,39.99,high,low,7,namesilo,,,22/08/2026 21:32
6b1bdf5a-1eaf-4173-941b-e2886b054ead,outre.pub,available,42.98,51.98,medium,low,5,namecheap,,,10/08/2026 10:39
071fb815-b36e-4641-9ab0-192ec7d31e3e,asterope.pub,available,39.99,39.99,low,low,8,namesilo,,,20/09/2026 17:16
2e62d5cc-a20d-40ba-8fe1-1142a1b66163,quirky.pub,available,39.99,39.99,high,low,6,namesilo,,,17/08/2026 22:23
1185ccf7-5716-455c-a96c-1e4125c6a106,drunkard.pub,available,42.98,51.98,high,low,8,namecheap,,,14/08/2026 20:21
f50e0677-774d-4a8d-8a58-6494e33c5704,weighted.pub,available,39.99,39.99,high,low,8,namesilo,,,13/09/2026 10:08
42235fd2-fced-467a-b20c-55215ef8c5de,anopheles.pub,available,39.99,39.99,medium,low,9,namesilo,,,19/09/2026 11:39
3e054c76-9835-47a5-a39e-4a8ca5a75297,firstborn.pub,available,39.99,39.99,high,low,9,namesilo,,,16/08/2026 02:17
084ed6da-fd63-49c8-ad2d-cb07e3bfce7a,bifurcated.pub,available,42.98,51.98,medium,low,10,namecheap,,,09/08/2026 20:24
4baade32-a8c4-46dc-bf66-a7da6ebef942,money.pub,resell,,,high,medium,5,"NameCheap, Inc.",26/09/2016 07:46,26/09/2027 07:46,26/09/2026 07:37
1aa227a8-0f86-481e-88a2-c2fedb31fcc6,denver.pub,premium,1035.2,1035.2,high,low,6,spaceship,,,27/09/2026 12:08
a221cc0d-3809-44e7-b5f8-d2a3a641c96c,underived.pub,available,39.99,39.99,medium,low,9,namesilo,,,12/09/2026 07:29
4e3482ce-11b9-4c86-8599-97cb9c7b5dfd,warming.pub,available,39.99,39.99,high,low,7,namesilo,,,11/08/2026 14:09
52870128-e4e1-48b7-b671-d553641991ce,tuskegee.pub,available,39.99,39.99,medium,low,8,namesilo,,,28/09/2026 15:29
7bda91e3-9bd6-4771-9521-6a0d8209a06e,rooney.pub,available,39.99,39.99,high,low,6,namesilo,,,27/09/2026 07:48
39d0bd74-08dd-4a59-9960-086c816832d5,compass.pub,resell,,,high,medium,7,"DNSPod, Inc.",30/12/2016 15:54,30/12/2030 15:54,26/09/2026 05:09
9f3beffd-3c52-4102-89f3-f822d15254ee,exoteric.pub,available,39.99,39.99,medium,low,8,namesilo,,,17/08/2026 17:44
c29b1c46-d3d5-4cb3-b2dc-2ea8c5184b1b,leash.pub,available,39.99,39.99,high,low,5,namesilo,,,
a62f728b-b1da-4ec8-9d26-146dd71675be,witnesses.pub,available,42.98,51.98,medium,low,9,namecheap,,,25/09/2026 18:59
f76482a0-c618-49e6-9407-4f57efd57bea,biracial.pub,available,39.99,39.99,high,low,8,namesilo,,,10/08/2026 05:42
404add6b-04cc-4c25-a323-02e02bc09909,audubon.pub,available,39.99,39.99,medium,low,7,namesilo,,,21/09/2026 03:14
66751a89-b7c2-4cfc-bb0f-0b5b5ceb9b14,pervasive.pub,available,39.99,39.99,high,low,9,namesilo,,,08/09/2026 17:44
e9c291ad-0e1d-45e1-b478-b0dc2377cad7,socratic.pub,available,39.99,39.99,high,low,8,namesilo,,,10/09/2026 13:20
c6502f93-9146-4652-8bc5-956b6ef5d6ff,barbecued.pub,available,39.99,39.99,medium,low,9,namesilo,,,08/08/2026 16:25
46aab3a6-9630-4c65-9ca2-f632edbfbe6c,eastside.pub,available,39.99,39.99,high,low,8,namesilo,,,14/08/2026 22:58
ded0aa90-a204-4ed2-9fa3-b47899f08f92,cattish.pub,available,39.99,39.99,medium,low,7,namesilo,,,10/08/2026 07:28
cc5916c1-1de8-4be7-b7eb-298003794bf1,philosopher.pub,available,32.44,32.44,high,low,11,porkbun,,,28/09/2026 11:16
a6c95ade-3a1c-42af-9381-d04df354e59a,insolent.pub,available,39.99,39.99,high,low,8,namesilo,,,11/08/2026 02:56
c9fd17c8-e10e-4a72-b11d-84f0ee3a2a85,hush.pub,available,42.98,51.98,high,low,4,namecheap,,,09/09/2026 08:50
571d0b93-dc40-44ed-ac1f-68cdb1d95dc7,hitch.pub,available,39.99,39.99,medium,low,5,namesilo,,,20/08/2026 22:55
2c183390-bca1-46d2-b6e2-753aef88e588,savagery.pub,available,39.99,39.99,medium,low,8,namesilo,,,22/09/2026 04:29
e8d0eaac-96c1-41b4-9f68-335dfd5b0825,tuscan.pub,available,42.98,51.98,high,low,6,namecheap,,,11/09/2026 21:27
22e4e7f6-1fbc-4c0f-8628-8b243fbc39e1,immaterial.pub,available,42.98,51.98,medium,low,10,namecheap,,,17/08/2026 19:22
981d9bc8-0497-46cd-9f42-01dd6aba7dcd,stroke.pub,available,32.29,32.29,high,low,6,spaceship,,,28/09/2026 21:42
fc90f0c1-005a-4e94-8244-d8dafd550615,nancy.pub,premium,242,242,medium,low,5,namesilo,,,25/09/2026 09:33
8c6e6200-45a4-4599-8cd8-78ee9d253a58,newsstand.pub,available,39.99,39.99,medium,low,10,namesilo,,,17/09/2026 05:46
8f37e1de-a7a3-41b1-9d66-4e662ea476ed,typed.pub,available,39.99,39.99,high,low,5,namesilo,,,17/09/2026 22:44
dd0ee525-206b-40ce-b383-2d172c534edd,kenalog.pub,available,39.99,39.99,medium,low,7,namesilo,,,20/09/2026 05:49
356c6dc1-117a-4e39-936f-3cf248620d01,baal.pub,available,39.99,39.99,high,low,4,namesilo,,,21/09/2026 12:05
33ddac2c-22cc-4223-9681-d3187c74073d,sara.pub,available,42.98,51.98,high,low,4,namecheap,,,25/09/2026 21:30
527222a4-26fd-49d6-b563-0260731ef601,homegrown.pub,available,39.99,39.99,high,low,9,namesilo,,,21/08/2026 10:59
2bd84a18-0e7f-444a-9eec-c46c42eb70dc,judgment.pub,available,39.99,39.99,high,low,8,namesilo,,,
dd8379a5-e8c6-401a-8e4b-4e6cd8b7e6f4,inhuman.pub,available,39.99,39.99,medium,low,7,namesilo,,,12/08/2026 16:25
8f278719-8813-4b8c-b4f4-8fb97c3e3f29,agrostemma.pub,available,,,medium,low,10,,,,17/09/2026 19:51
aad3f056-9c6e-42c4-b305-26c164008466,reservations.pub,premium,1107,1107,medium,low,12,namesilo,,,17/09/2026 23:30
1dc19e19-a512-412f-9c3b-1bec79da209f,pathologic.pub,available,39.99,39.99,medium,low,10,namesilo,,,14/08/2026 10:11
173b1386-46de-4e20-8638-205747ab011c,clapper.pub,available,42.98,51.98,medium,low,7,namecheap,,,19/09/2026 20:51
764da8eb-15e7-4430-bc26-ed588d0452b7,pressure.pub,available,39.99,39.99,high,low,8,namesilo,,,24/09/2026 23:12
7ed08f6c-e2eb-485f-9a6b-0713aca64d19,tress.pub,available,39.99,39.99,medium,low,5,namesilo,,,24/09/2026 07:57
ced1791b-e950-49a7-9698-facde8e1c5ff,except.pub,available,39.99,39.99,high,low,6,namesilo,,,
f5967e4c-c825-43c6-863a-a6f196b374c6,colman.pub,available,42.98,51.98,medium,low,6,namecheap,,,29/09/2026 04:11
8e27444c-d4ff-4a0a-b658-02a95d601473,eldritch.pub,available,39.99,39.99,medium,low,8,namesilo,,,16/08/2026 02:21
0699fbbe-5f75-44ed-937f-51ad41428362,sun.pub,resell,,,high,medium,3,Dynadot Inc,11/02/2015 09:33,11/02/2027 09:33,26/09/2026 09:24
ad8ac237-f5c5-4194-98a8-ebd7b5730c58,pcs.pub,available,42.98,51.98,high,low,3,namecheap,,,27/09/2026 08:22
cfe0443e-fa97-4c33-8663-57aa9814b689,astrantia.pub,available,39.99,39.99,medium,low,9,namesilo,,,20/09/2026 17:32
0b874ae7-76b0-424b-a516-e217d58e0600,ellison.pub,available,39.99,39.99,high,low,7,namesilo,,,27/09/2026 03:49
df5c6b0a-ed1d-43f9-85ce-65e922dce608,racket.pub,available,32.29,32.29,medium,low,6,spaceship,,,28/09/2026 14:13
450be682-ad23-4b98-84cf-40b964a6a5dd,equable.pub,available,39.99,39.99,medium,low,7,namesilo,,,17/08/2026 11:33
5e04302b-100f-4c83-802e-33030aac2a9e,stole.pub,available,42.98,51.98,high,low,5,namecheap,,,27/09/2026 05:29
af74242f-934a-4daa-9ef7-94af5bb3f7d1,adjustment.pub,available,39.99,39.99,high,low,10,namesilo,,,18/08/2026 05:52
a935a438-4207-4136-aa01-8389dc1a70a9,visibly.pub,available,39.99,39.99,medium,low,7,namesilo,,,16/09/2026 11:04
8f50241d-8683-478a-9b1a-cc47660b1102,generators.pub,available,39.99,39.99,medium,low,10,namesilo,,,
904e0673-c9cb-4692-b2ab-5f163cc445cf,bleed.pub,available,39.99,39.99,medium,low,5,namesilo,,,28/09/2026 14:26
e45f7fb7-7512-4c3c-9e58-cc9720147313,summerset.pub,available,39.99,39.99,medium,low,9,namesilo,,,18/08/2026 08:29
9a22978e-af02-45b8-bb9e-5c91f4568109,vernon.pub,available,32.29,32.29,high,low,6,spaceship,,,28/09/2026 15:42
1e9ec32c-892c-4e5a-b9bc-50d47d3695aa,apologetic.pub,available,39.99,39.99,medium,low,10,namesilo,,,06/08/2026 02:07
e2fd289f-abb7-4ffd-8f57-6a9d60f82c6c,surgeon.pub,available,39.99,39.99,high,low,7,namesilo,,,25/09/2026 23:55
6423a9e7-e6b8-4104-9d5e-f7110aa04ac3,heavyset.pub,available,39.99,39.99,medium,low,8,namesilo,,,21/08/2026 05:31
a1a63490-fa90-471d-a441-bb7099af0241,occasions.pub,available,32.29,32.29,high,low,9,spaceship,,,28/09/2026 14:59
d739ab90-0182-4cfe-82ca-022ce9602274,shahn.pub,available,39.99,39.99,medium,low,5,namesilo,,,23/09/2026 07:28
56f8057e-6e85-482b-b2ac-8f7d6de9578c,beaner.pub,available,42.98,51.98,medium,low,6,namecheap,,,22/09/2026 20:26
290353cb-be28-482c-9e8f-e2d8225a5e70,finn.pub,resell,,,high,low,4,,,,28/09/2026 05:42
a38f0775-0406-487e-8ec4-9a6abc68a7a8,impure.pub,available,39.99,39.99,medium,low,6,namesilo,,,21/08/2026 23:30
0d8788bb-ff80-4a61-a825-e96ee9c17bf8,distraction.pub,available,39.99,39.99,medium,low,11,namesilo,,,28/09/2026 16:54
d75e14e3-2cad-46ae-b181-ce94f188cd4d,aten.pub,available,42.98,51.98,medium,low,4,namecheap,,,20/09/2026 20:04
976e6f75-e4fc-4987-824f-3f0dbc87ecd6,upraised.pub,available,39.99,39.99,medium,low,8,namesilo,,,23/08/2026 01:53
4e984505-074d-442d-a504-136cc2193476,unplanned.pub,available,39.99,39.99,medium,low,9,namesilo,,,12/09/2026 16:51
de61c4a3-9015-4ac6-85af-0823d1d0d09e,granville.pub,available,42.98,51.98,medium,low,9,namecheap,,,27/09/2026 01:40
f4ebe31a-6b34-41cc-b3d9-bc1bac5643c5,opt.pub,available,39.99,39.99,high,low,3,namesilo,,,25/09/2026 12:35
7669df36-5aba-40c9-b2ff-0075ea1457b6,videogames.pub,available,32.29,32.29,medium,low,11,spaceship,,,28/09/2026 06:42
32939b0e-d0a2-45a0-aa13-1b5ba86b9d64,registered.pub,available,39.99,39.99,high,low,10,namesilo,,,27/09/2026 11:32
10d1df34-c5a5-4c14-be6d-81d1df63cdf5,stopping.pub,available,47.99,,high,low,8,name.com,,,
c003145a-4d73-4bd4-9ac1-475e49d0c644,whenever.pub,available,39.99,39.99,medium,low,8,namesilo,,,
c34ded1d-95b6-4a67-a61e-f848de3ce03a,rasmussen.pub,available,32.29,32.29,high,low,9,spaceship,,,28/09/2026 06:07
c46c0c6e-80ad-4cc3-9f05-1a69724e5152,biblical.pub,available,42.98,51.98,medium,low,8,namecheap,,,09/08/2026 18:53
1bbdf06d-8a33-4b42-a9a0-7a618c71d96c,colonic.pub,available,39.99,39.99,medium,low,7,namesilo,,,12/08/2026 17:22
63e7a0e4-a646-46d0-851e-1f3b9bf0d11b,ballast.pub,available,39.99,39.99,high,low,7,namesilo,,,21/09/2026 22:46
d2c5ad78-706b-4492-b966-ed2b5f2c315f,passport.pub,available,39.99,39.99,high,low,8,namesilo,,,27/09/2026 04:57
06d8b54e-2e61-459c-a819-dcd1d263409c,elimination.pub,available,32.29,32.29,high,low,11,spaceship,,,28/09/2026 02:39
5e0637a1-d3a2-458e-be21-3db8302d2e6f,arresting.pub,available,39.99,39.99,high,low,9,namesilo,,,06/08/2026 21:47
1b7acce6-9df0-45f6-aa17-0940da10c391,vixenish.pub,available,39.99,39.99,medium,low,8,namesilo,,,13/09/2026 06:24
fa12b7c2-2f75-4cde-abe4-e0f582d3d7b4,parliamentary.pub,available,39.99,39.99,medium,low,13,namesilo,,,
5f3f886a-4518-4490-8bd3-8305beb57077,cancerous.pub,available,39.99,39.99,medium,low,9,namesilo,,,11/08/2026 16:33
d9f41965-cdf4-4a99-89dc-d39431b6a6e0,cat.pub,resell,,,high,high,3,Alibaba Cloud Computing Ltd. d/b/a HiChina (www.net.cn),02/03/2015 05:07,02/03/2027 05:07,27/09/2026 21:47
eef7dd38-151c-40ac-9725-7fe6e1fbed9b,insurable.pub,available,39.99,39.99,high,low,9,namesilo,,,22/08/2026 07:40
d0996375-a650-4b51-935d-dc84476c7469,consensual.pub,available,39.99,39.99,high,low,10,namesilo,,,12/08/2026 22:31
e376fc26-76d8-474d-baf8-6f5eb91a735d,debts.pub,available,39.99,39.99,low,low,5,namesilo,,,28/09/2026 04:25
2ceb633f-e3f7-4df2-bafa-09b7844d6467,larder.pub,available,39.99,39.99,medium,low,6,namesilo,,,11/08/2026 11:56
f4a07bc0-0a3b-4274-80b9-c5dc3e494f13,engineer.pub,available,39.99,39.99,high,low,8,namesilo,,,28/09/2026 02:49
5c3c7cbc-7ffd-46f2-a2f6-690a2962e270,licked.pub,available,39.99,39.99,medium,low,6,namesilo,,,23/08/2026 01:00
6262ca06-e114-4dd9-b9ba-dddc3941ebf9,fascinated.pub,available,39.99,39.99,high,low,10,namesilo,,,24/09/2026 17:12
314c70ce-2752-4c11-a5aa-b7b8e52d3a11,raised.pub,available,39.99,39.99,high,low,6,namesilo,,,23/09/2026 09:46
d6a8a217-2ec4-44e5-9bc7-6179a5504e3c,resemble.pub,available,32.29,32.29,high,low,8,spaceship,,,28/09/2026 20:53
8288c7b5-6354-4cf3-b2ce-81bd6083bdac,practically.pub,available,39.99,39.99,medium,low,11,namesilo,,,25/09/2026 11:39
d1fa792b-6425-4f66-8f0e-7d470cdb1d81,dendroid.pub,available,39.99,39.99,medium,low,8,namesilo,,,06/08/2026 13:50
8d14af9a-419b-41d8-bbd7-633511392db5,underage.pub,available,39.99,39.99,high,low,8,namesilo,,,03/09/2026 18:43
26ac1963-6f13-4b26-abf9-30c1713d38c0,salisbury.pub,premium,242,242,high,low,9,namesilo,,,24/09/2026 12:37
a1b31043-a14f-42d1-ad4f-246be9993177,motivate.pub,available,39.99,39.99,high,low,8,namesilo,,,27/09/2026 07:34
f53428bb-9435-401d-b26b-fd9d91ccb430,upwards.pub,available,39.99,39.99,medium,low,7,namesilo,,,28/09/2026 09:52
c4609b2c-efb4-4f9b-8bbe-ea7104716fc3,lewdly.pub,available,39.99,39.99,low,low,6,namesilo,,,15/09/2026 11:12
c356d30d-194e-4589-b446-51684b46fd52,childlike.pub,available,39.99,39.99,medium,low,9,namesilo,,,12/08/2026 05:12
f42f2357-582b-4f41-89c6-1c0ebdd22d5f,leaving.pub,available,42.98,51.98,high,low,7,namecheap,,,24/09/2026 22:37
3f05e8eb-05a0-4c8a-9076-53e4b458ad03,cams.pub,available,47.99,52.99,medium,low,4,name.com,,,20/09/2026 11:30
86d67757-1e94-4d0d-acb7-c00c4e556188,retailed.pub,available,39.99,39.99,medium,low,8,namesilo,,,20/09/2026 16:31
36169438-8e9c-421f-af46-57ec3179dd2b,plugs.pub,available,39.99,39.99,medium,low,5,namesilo,,,20/09/2026 11:28
d2165c0d-3643-4485-be65-98b52c6eac17,unsaved.pub,available,42.98,51.98,medium,low,7,namecheap,,,12/09/2026 17:57
d153b6ff-c655-416b-91de-6bec62a63f70,twisted.pub,available,39.99,39.99,high,low,7,namesilo,,,25/08/2026 01:43
4f304c14-1b19-4dc3-b8cb-ee3eddddb5b0,martian.pub,available,39.99,39.99,high,low,7,namesilo,,,24/08/2026 16:37
5faa8c2f-d4f4-4c9c-94e9-c9af8143c452,mannered.pub,available,39.99,39.99,medium,low,8,namesilo,,,24/08/2026 15:18
cae772ab-449b-44cd-838a-c6ff6e05a98c,penniless.pub,available,39.99,39.99,medium,low,9,namesilo,,,21/08/2026 00:34
240e5957-5388-4b14-9b1b-0a2ca79e85a6,insinuate.pub,available,39.99,39.99,medium,low,9,namesilo,,,22/08/2026 08:35
0e20c2e8-adf2-4eaa-9d5b-33d5e385588e,canorous.pub,available,39.99,39.99,medium,low,8,namesilo,,,11/08/2026 17:35
21645dab-2d11-4696-a7b3-2d993f94f630,defeated.pub,available,39.99,39.99,medium,low,8,namesilo,,,13/08/2026 23:04
8136362e-be3a-42f1-bbdc-6c24a9752d78,downy.pub,available,39.99,39.99,high,low,5,namesilo,,,14/08/2026 17:40
4970c7da-2a38-4c68-8e3c-e5a846d195b9,paramount.pub,available,39.99,39.99,high,low,9,namesilo,,,04/09/2026 21:41
a5beb5ba-e573-48b9-866a-1f7e5582a6b7,wakeless.pub,available,39.99,39.99,low,low,8,namesilo,,,13/09/2026 07:45
d585f0c2-263c-4a64-b00e-3bf6f78d425b,songwriter.pub,available,42.98,51.98,high,low,10,namecheap,,,21/09/2026 22:37
8b02e472-4684-4663-a3e4-aae0bba4ee1d,slavic.pub,available,39.99,39.99,high,low,6,namesilo,,,10/09/2026 10:36
6e54a908-f4bc-4b26-9b12-f582bd4c5c3c,rarest.pub,available,39.99,39.99,medium,low,6,namesilo,,,20/09/2026 08:14
2f9a53b7-96be-4463-97f6-6b3d01ecb06d,arrest.pub,available,39.99,39.99,high,low,6,namesilo,,,20/08/2026 22:54
f572db42-5898-4cd5-914d-8af06368ad39,chelonian.pub,available,39.99,39.99,low,low,9,namesilo,,,12/08/2026 04:08
8d69f9a2-5e35-4b54-bc65-f92f7f0244b2,binaural.pub,available,39.99,39.99,medium,low,8,namesilo,,,09/08/2026 18:40
ae511ab0-0c49-4d4b-b0c2-bec67e80340c,bassett.pub,available,39.99,39.99,high,low,7,namesilo,,,27/09/2026 07:09
9d40f679-befc-4bf3-9905-b0bd0b23677b,corded.pub,available,39.99,39.99,medium,low,6,namesilo,,,13/08/2026 00:57
43aef63b-a3f9-4b5b-ad2f-702b0a0ceb85,weedless.pub,available,39.99,39.99,medium,low,8,namesilo,,,13/09/2026 10:00
4c30e585-0782-4783-831f-528878e15d30,affined.pub,available,39.99,39.99,medium,low,7,namesilo,,,
0f541328-82f6-4297-9dce-3d4521801b95,afterglow.pub,available,39.99,39.99,high,low,9,namesilo,,,17/09/2026 15:42
ef203234-1979-48b7-8a98-6b63322e9ec1,crustacean.pub,available,39.99,39.99,high,low,10,namesilo,,,13/08/2026 09:19
2ff232ba-e2de-42d4-977b-e289286c65a5,oftentimes.pub,available,42.98,51.98,medium,low,10,namecheap,,,14/09/2026 20:04
4b6e48b8-1d63-4a09-88fe-b0202b8798c1,vastly.pub,available,39.99,39.99,high,low,6,namesilo,,,15/09/2026 01:56
36a4703a-e3e8-4038-97d7-8357f3a3c140,lifetime.pub,available,39.99,39.99,high,low,8,namesilo,,,25/09/2026 23:26
45d0c8bc-689a-4ee8-b1cd-df3ae66aa2c1,female.pub,available,42.98,51.98,high,low,6,namecheap,,,24/09/2026 11:24
e24f8a38-f448-4c9a-8016-0abfb5664e54,reticulate.pub,available,39.99,39.99,high,low,10,namesilo,,,09/09/2026 15:32
22fe7609-122f-4bbe-9f7b-5651f8283a03,handmade.pub,available,39.99,39.99,high,low,8,namesilo,,,20/08/2026 23:06
858e8377-7106-4519-bb3a-9ce0fb3fa73a,browne.pub,available,39.99,39.99,high,low,6,namesilo,,,20/09/2026 10:27
005b8417-b549-4de0-967a-1e7d60df6d43,irregular.pub,available,39.99,39.99,high,low,9,namesilo,,,25/09/2026 11:26
e6651d0b-eb92-4789-9086-7bb978877f3c,twisty.pub,available,39.99,39.99,high,low,6,namesilo,,,11/09/2026 21:54
4e927cc4-0995-41ed-b6d5-81ffd1f07666,psyche.pub,available,47.99,,high,low,6,name.com,,,
521d726f-2052-4e1f-9900-33de9d9c1ed3,lastly.pub,available,33.08,33.08,medium,low,6,dynadot,,,28/09/2026 15:27
2a195c87-9c81-45fd-91ee-829dd8fbd4c6,sunburned.pub,available,39.99,39.99,medium,low,9,namesilo,,,11/09/2026 01:46
65a27c82-a54b-4961-8392-6a950ce11e75,sportsperson.pub,available,39.99,39.99,high,low,12,namesilo,,,16/09/2026 08:58
f3b0bb9f-05f5-4059-8261-d63727a2bde2,bahraini.pub,available,39.99,39.99,medium,low,8,namesilo,,,08/08/2026 08:36
c33b5159-c4e0-485d-b10a-a1d61bceaefe,guarnieri.pub,available,39.99,39.99,medium,low,9,namesilo,,,19/09/2026 04:23
864d394e-4462-4512-b971-7d4adcac0ac4,allegro.pub,available,39.99,39.99,high,low,7,namesilo,,,22/09/2026 01:21
b4497f6c-ce3c-49bb-a454-5940dd9fd9fd,blueish.pub,available,39.99,39.99,medium,low,7,namesilo,,,22/09/2026 22:51
0b00fccf-e36c-43f8-9860-909335d231f2,sizeable.pub,available,39.99,39.99,high,low,8,namesilo,,,20/08/2026 16:40
15cbfbbe-3ca8-4a0e-b821-6a9fb041beed,uniform.pub,available,39.99,39.99,high,low,7,namesilo,,,19/09/2026 05:41
2a0984c9-e5b5-4aeb-9917-e2405297dde0,timeworn.pub,available,39.99,39.99,medium,low,8,namesilo,,,08/08/2026 11:14
4258eafc-97af-43d5-afc4-c7b5eefd98b9,marketable.pub,available,39.99,39.99,high,low,10,namesilo,,,24/08/2026 16:04
5c32356d-b95e-4695-8c62-2d29bc484a19,antilles.pub,available,39.99,39.99,medium,low,8,namesilo,,,19/09/2026 14:37
2e6252b4-0435-4489-807c-6a8788f8456c,grapy.pub,available,42.98,51.98,medium,low,5,namecheap,,,20/08/2026 18:07
64995815-df85-448e-a3f9-cb68e03048d2,aztecan.pub,available,39.99,39.99,high,low,7,namesilo,,,21/09/2026 11:37
8069557e-5a4f-4c37-99ed-acd6ee7515fb,vestal.pub,available,39.99,39.99,medium,low,6,namesilo,,,13/09/2026 04:47
7d335e78-0f0d-4bbe-8271-f3f46965b25f,dependant.pub,available,39.99,39.99,medium,low,9,namesilo,,,14/08/2026 02:08
afa2cf20-85dd-4cfd-92b4-12892a179cfc,wander.pub,available,32.44,32.44,high,low,6,porkbun,,,28/09/2026 01:37
9b76ac87-5e53-4863-be2a-2d2f2e44a2a9,yield.pub,available,39.99,39.99,high,low,5,namesilo,,,
a9485295-c931-4648-8eff-1fe5fe88afed,dewy.pub,available,39.99,39.99,medium,low,4,namesilo,,,09/08/2026 06:51
9f47b410-d5ad-4d9f-814c-396c4dc2de6c,honourable.pub,available,39.99,39.99,high,low,10,namesilo,,,21/08/2026 13:34
fc9b95e5-6b0e-414a-8296-36258bbaeb84,informally.pub,available,39.99,39.99,medium,low,10,namesilo,,,28/09/2026 14:09
738c31b7-0d09-467e-ada0-167a4d272420,synoptical.pub,available,39.99,39.99,medium,low,10,namesilo,,,11/09/2026 06:35
ae4d3171-4b8c-4bc1-98b4-f24fe0a497ac,implying.pub,available,39.99,39.99,high,low,8,namesilo,,,
5ee01770-f4ac-4a98-9ecd-6949caccf852,auriga.pub,available,39.99,39.99,medium,low,6,namesilo,,,21/09/2026 04:24
3aa08c74-1eff-486f-98f3-0d00fa4abd03,citified.pub,available,39.99,39.99,medium,low,8,namesilo,,,12/08/2026 08:47
3f143398-e3e6-4f76-8c1d-421adf6ea995,truant.pub,available,39.99,39.99,high,low,6,namesilo,,,08/08/2026 01:41
70888a4d-4359-4284-ba69-113be12890ca,restful.pub,available,39.99,39.99,high,low,7,namesilo,,,09/09/2026 13:26
394e4252-dff2-4230-9097-84bf76dc7809,carte.pub,available,42.98,51.98,high,low,5,namecheap,,,23/09/2026 16:04
93b2d1d7-3ac7-4bb4-bff6-a138cec33f8c,amok.pub,available,39.99,39.99,high,low,4,namesilo,,,
5665290d-02cc-451f-b25c-0aa97b8e55e2,philia.pub,available,39.99,39.99,high,low,6,namesilo,,,17/09/2026 14:21
4730857a-b1b6-46b3-bc5b-5174b9a7428e,rus.pub,resell,,,high,low,3,,,,28/09/2026 10:52
09cca929-ef34-44fe-bb09-2be358d046fc,kindly.pub,available,39.99,39.99,high,low,6,namesilo,,,24/09/2026 22:41
7edda0a6-1a01-4e65-83c4-474a480ccc0f,walks.pub,available,42.98,51.98,medium,low,5,namecheap,,,25/09/2026 16:37
9906d046-9d25-4fd5-9d5b-74c7b6a95696,bijou.pub,available,39.99,39.99,high,low,5,namesilo,,,23/09/2026 15:32
a96c73b0-1b1a-4527-a4c5-077931ea36ec,nineteenth.pub,available,39.99,39.99,high,low,10,namesilo,,,
33f3398b-ac3a-4cc7-882a-3123d7212c91,pumpkin.pub,available,39.99,39.99,high,low,7,namesilo,,,21/09/2026 08:26
b259e27e-4318-4a27-b9e7-d00406cf6e27,trujillo.pub,available,31.2,31.2,medium,low,8,cloudflare,,,28/09/2026 16:38
3916f594-7ae6-40c5-b0f3-c89c11a32887,grouped.pub,available,42.98,51.98,high,low,7,namecheap,,,20/08/2026 20:22
60ee9e85-6a09-4d56-b9b2-2510423297de,shockingly.pub,available,39.99,39.99,medium,low,10,namesilo,,,16/09/2026 01:31
770b18f4-fda0-412a-8d6a-890f1a179787,spiceberry.pub,available,42.98,51.98,medium,low,10,namecheap,,,20/09/2026 03:12
44b4d4bf-13ad-47ac-94d8-1f5e5b57c4d7,pimp.pub,available,39.99,39.99,medium,low,4,namesilo,,,29/09/2026 00:52
6d633a7b-c262-46e0-8dad-c021c21a30f1,scaly.pub,available,39.99,39.99,medium,low,5,namesilo,,,23/08/2026 00:05
19a31443-8e9a-409c-a489-66ed3c1b2cc7,clearing.pub,available,39.99,39.99,high,low,8,namesilo,,,24/09/2026 15:28
897963ad-456e-44aa-b016-9a90bf57afde,biff.pub,available,39.99,39.99,medium,low,4,namesilo,,,23/09/2026 13:51
07067f74-bdad-42e4-863c-49ee591add49,sycophant.pub,available,39.99,39.99,medium,low,9,namesilo,,,20/09/2026 15:34
13b1af69-18af-4da1-9e61-19fbcd9c2e58,epidermic.pub,available,47.99,52.99,medium,low,9,name.com,,,13/08/2026 13:09
2a647d73-9f5b-4234-9930-a7f85c2caab8,simms.pub,available,39.99,39.99,medium,low,5,namesilo,,,28/09/2026 16:38
23184f29-1b9c-4cb6-bc55-43299320f3a9,haul.pub,available,39.99,39.99,high,low,4,namesilo,,,27/09/2026 12:17
3a50ee3a-86cc-403f-abc0-cea738dd9c3b,selfworth.pub,available,39.99,39.99,high,low,10,namesilo,,,
b6ce0dee-9f03-45a4-9a5a-5fd2a559f034,samuel.pub,available,31.2,31.2,high,low,6,cloudflare,,,28/09/2026 03:03
5eca9a2c-b43c-45e4-858c-de2d25dccbf2,stroller.pub,available,39.99,39.99,high,low,8,namesilo,,,18/09/2026 17:04
db4e782d-1b75-49b5-9622-7b2bd4e739e4,battered.pub,available,42.98,51.98,medium,low,8,namecheap,,,22/09/2026 18:12
8ddebbc9-1d5d-4237-8301-ff8dd5e7436e,neurogenic.pub,available,39.99,39.99,medium,low,10,namesilo,,,03/09/2026 16:12
028b2f7d-6efe-4e62-829a-f973475c8dc4,imaginary.pub,available,42.98,51.98,high,low,9,namecheap,,,21/08/2026 20:16
b6ea6d53-81ff-4e3c-b073-5836b2825de6,similarly.pub,available,39.99,39.99,medium,low,9,namesilo,,,28/09/2026 16:09
c3a84da6-7a80-4f25-bad5-92369ceb2cd9,overhead.pub,available,39.99,39.99,high,low,8,namesilo,,,26/09/2026 03:30
c5007bb1-4030-47dc-b0fc-b03fbd60a760,unfair.pub,available,39.99,39.99,medium,low,6,namesilo,,,28/09/2026 09:45
6a2b7158-f7fd-4bfe-9529-821bcd228227,asked.pub,available,39.99,39.99,high,low,5,namesilo,,,
210249b2-3e8b-4b45-966b-e1bf62cdebaf,redstart.pub,available,42.98,51.98,high,low,8,namecheap,,,18/09/2026 20:37
b07c4af9-d175-43df-86b3-4a6e63ee4706,bottles.pub,available,42.98,51.98,high,low,7,namecheap,,,18/09/2026 04:05
337d29d2-91a3-4255-8679-9421a873c83d,egyptian.pub,available,42.98,51.98,high,low,8,namecheap,,,15/08/2026 19:52
9326b9f8-441b-4726-8f03-93ed4fb94b7f,valuable.pub,available,39.99,39.99,high,low,8,namesilo,,,28/09/2026 10:06
365006ff-5f02-4bd5-894f-78899fccbe1d,enviable.pub,available,39.99,39.99,high,low,8,namesilo,,,24/09/2026 14:16
b5cac562-5b8b-4efd-8e6f-69d435a07d67,futurist.pub,available,42.98,51.98,high,low,8,namecheap,,,18/08/2026 19:19
069a8a0f-cc18-45c5-acbb-8871d77e5cc9,wage.pub,available,42.98,51.98,high,low,4,namecheap,,,28/09/2026 10:40
4cdfcb7b-d8b4-409d-ae18-d392ca6a5cbb,requirement.pub,available,39.99,39.99,high,low,11,namesilo,,,
0575cfff-f656-463b-8972-739c2d73bda2,chordate.pub,available,39.99,39.99,medium,low,8,namesilo,,,12/08/2026 07:12
a19bbad5-0903-4380-b44a-e8aca0c628c8,oxford.pub,available,39.99,39.99,high,low,6,namesilo,,,
41585807-1fb1-4354-9c4e-3ce9d64516bd,remember.pub,available,39.99,39.99,high,low,8,namesilo,,,
5ca99cac-edf5-4916-bcd1-af280aff4aa9,quixotic.pub,available,42.98,51.98,medium,low,8,namecheap,,,09/09/2026 09:04
bf5ff918-fb0a-46a1-94b6-82f39a211681,maternal.pub,available,42.98,51.98,high,low,8,namecheap,,,25/09/2026 18:01
9d749153-ed91-46e6-a203-ad002a0f7c73,involving.pub,available,39.99,39.99,medium,low,9,namesilo,,,
f6411877-4ec2-4e40-aadf-161f91dd70d7,bruising.pub,available,39.99,39.99,medium,low,8,namesilo,,,11/08/2026 06:34
54a775a2-ffa4-4fc9-83c4-2cb585dad38a,baeda.pub,available,39.99,39.99,medium,low,5,namesilo,,,21/09/2026 17:19
0dcf52af-838a-4c89-9c79-a3a5739522eb,investigated.pub,available,31.2,31.2,medium,low,12,cloudflare,,,29/09/2026 00:03
0e0ead7d-a349-4084-8ad0-36fe44af8217,chickpeas.pub,available,39.99,39.99,medium,low,9,namesilo,,,20/09/2026 11:04
bbc53d68-8a6c-424e-bb65-f15120f88545,flooding.pub,available,32.29,32.29,medium,low,8,spaceship,,,29/09/2026 00:57
1c03448c-3377-49f1-987c-63a689c6a23e,positron.pub,available,39.99,39.99,medium,low,8,namesilo,,,19/09/2026 14:21
f86b0b0e-84b1-4665-a4b3-2e16db339c0d,abutment.pub,available,42.98,51.98,medium,low,8,namecheap,,,16/09/2026 19:33
236611bf-11f1-49e4-a4ad-37aaa7eff797,constable.pub,available,42.98,51.98,high,low,9,namecheap,,,24/09/2026 17:31
c93586b3-83ea-4762-a296-f40143405493,porn.pub,resell,,,high,medium,4,,,,28/09/2026 05:37
3fa81b4c-dad2-4726-abf7-faf19cd99ceb,nth.pub,available,39.99,39.99,medium,low,3,namesilo,,,03/09/2026 12:35
6dc59f08-c43b-4c7a-856e-f15c435c3e9d,wardrobe.pub,available,31.2,31.2,high,low,8,cloudflare,,,28/09/2026 06:52
94e05eeb-d42e-492f-9aaa-a895367bf07a,awful.pub,available,39.99,39.99,high,low,5,namesilo,,,22/09/2026 15:06
7ad46a5c-76bf-4342-8b51-9ec14ad20a28,quaint.pub,available,39.99,39.99,high,low,6,namesilo,,,04/09/2026 01:55
e4e66612-ce39-41be-b184-d1cade3d605e,acidotic.pub,available,39.99,39.99,medium,low,8,namesilo,,,
b968b07a-d3e3-40e8-b409-c10eacda06a2,chang.pub,available,39.99,39.99,high,medium,5,namesilo,,,28/09/2026 09:21
3b5d96b5-644f-4f82-a5a9-48b3cd8c91f8,diligence.pub,available,39.99,39.99,high,low,9,namesilo,,,
0f6647f0-d5e0-4c68-9ca3-f96ef64fdbfb,immune.pub,available,42.98,51.98,high,low,6,namecheap,,,21/08/2026 21:26
9c23f1d2-525e-434c-b47f-f13be406c9ea,barrelfish.pub,available,39.99,39.99,medium,low,10,namesilo,,,22/09/2026 08:20
13447ade-c934-4426-8b50-4433cefdd3b4,aleut.pub,available,39.99,39.99,high,low,5,namesilo,,,
c6c4dc59-85ea-431d-a60f-847d10da3bff,verifying.pub,available,42.98,51.98,high,low,9,namecheap,,,12/08/2026 20:56
ae7de83e-bb1e-4d57-b8fd-128a1d04c898,agnosia.pub,available,39.99,39.99,medium,low,7,namesilo,,,17/09/2026 18:46
d91cdde9-6bde-4156-8695-fa1a2ba8e427,relaxing.pub,available,39.99,39.99,high,low,8,namesilo,,,09/09/2026 13:30
9c4f3078-d7b4-465e-80db-8f6af2ca5a51,cpc.pub,available,39.99,39.99,high,low,3,namesilo,,,28/09/2026 16:33
6f33b02f-2c05-48ff-8551-c357ad6ec420,agee.pub,available,39.99,39.99,medium,low,4,namesilo,,,17/09/2026 16:52
1bc576ca-ec87-46ad-831b-c518caa1ddf7,chopped.pub,available,39.99,39.99,high,low,7,namesilo,,,12/08/2026 06:57
b06d1129-a2a2-4a9f-aee0-66210365e8bd,stonelike.pub,available,42.98,51.98,medium,low,9,namecheap,,,08/09/2026 18:26
824b7dce-0daa-4e19-a65c-8d81a116f977,ground.pub,available,39.99,39.99,high,low,6,namesilo,,,22/09/2026 17:38
0cd37322-ca69-4ea3-8d8c-cc5cddfe80ba,expandable.pub,available,42.98,51.98,high,low,10,namecheap,,,17/08/2026 17:51
bc5bb636-eaa5-4a12-954a-5bf59277cfb2,infantile.pub,available,39.99,39.99,medium,low,9,namesilo,,,12/08/2026 05:04
f9ddeb3c-7a0f-4a6d-b049-fb09ffb37ec8,iffy.pub,available,39.99,39.99,medium,low,4,namesilo,,,18/08/2026 09:22
81b96b97-9094-4cce-84eb-a1b3b956575c,georg.pub,available,39.99,39.99,medium,low,5,namesilo,,,25/09/2026 17:31
b21fffd7-21de-4070-94bc-b4e347c5ba8c,velvety.pub,available,39.99,39.99,high,low,7,namesilo,,,13/09/2026 02:00
9d78fc09-ab06-4781-b096-74f5e5eb05ff,gorge.pub,available,39.99,39.99,medium,low,5,namesilo,,,23/09/2026 17:20
3308c8ae-366b-451d-bdfb-830273a8dd46,protozoon.pub,available,39.99,39.99,medium,low,9,namesilo,,,09/09/2026 04:16
f4c40187-e1ea-4fa4-a8d4-171edd3994fc,innocuous.pub,available,39.99,39.99,high,low,9,namesilo,,,22/08/2026 05:56
99d1e9e5-ea41-4218-9c7f-075390cb0673,toradol.pub,available,39.99,39.99,medium,low,7,namesilo,,,17/09/2026 05:31
0b4447ee-c6f8-4be6-9caf-72dc40112414,anacardium.pub,available,42.98,51.98,medium,low,10,namecheap,,,19/09/2026 00:59
6bc4a4f2-6a76-4d6b-ac09-7b2e209048cd,myotic.pub,available,39.99,39.99,medium,low,6,namesilo,,,25/08/2026 01:02
d1f9b867-5a94-4d14-8cda-ad6335c225f3,kenyon.pub,available,32.29,32.29,medium,low,6,spaceship,,,28/09/2026 04:16
31cb927d-4716-480d-aad0-012f405d3772,cautious.pub,available,39.99,39.99,high,low,8,namesilo,,,11/08/2026 22:44
7ab0d754-20b4-458a-ac74-61bd905bfa00,disturb.pub,available,39.99,39.99,high,low,7,namesilo,,,
e5687b31-fb3c-4641-a714-4a817441d412,metaphor.pub,available,32.29,32.29,high,low,8,spaceship,,,28/09/2026 14:52
59c66acf-c7d0-4306-ab8a-3c7fe95ecf93,wickedness.pub,available,39.99,39.99,medium,low,10,namesilo,,,17/08/2026 15:06
acc77dbe-6348-4581-b826-723ae2b884ef,authorizer.pub,available,39.99,39.99,medium,low,10,namesilo,,,21/09/2026 05:13
cce5f0de-89a1-481d-a27a-5d39eeba5aaf,adrift.pub,available,39.99,39.99,medium,low,6,namesilo,,,
e175b470-5400-4238-b0b2-384776936026,prisoners.pub,available,42.98,51.98,medium,low,9,namecheap,,,25/09/2026 20:27
826d177e-cd24-451d-9fbe-baef32b0aa1e,occupational.pub,available,32.29,32.29,medium,low,12,spaceship,,,29/09/2026 03:01
cfe358ba-cfca-495e-ab10-a3901f118db8,corsican.pub,available,39.99,39.99,high,low,8,namesilo,,,13/08/2026 02:33
21a44be7-ad85-4844-afa5-da52e26caf73,alky.pub,available,39.99,39.99,medium,low,4,namesilo,,,
90cfbe4c-0c12-4f1d-bddc-cd717fd9ddff,alcaic.pub,available,39.99,39.99,medium,low,6,namesilo,,,18/09/2026 03:46
10ac9722-5e60-4371-8ddd-3c50824c7490,err.pub,available,39.99,39.99,high,low,3,namesilo,,,
5e055919-65a9-426d-ba5d-706d72df410b,radcliffe.pub,available,39.99,39.99,medium,low,9,namesilo,,,27/09/2026 07:53
c3aaf851-d9e6-4714-aa75-e054425f18d6,gorgeous.pub,available,39.99,39.99,high,low,8,namesilo,,,24/09/2026 22:48
e931cf3c-b30c-4871-b411-928b8e12f356,confetti.pub,available,39.99,39.99,high,low,8,namesilo,,,
2294da57-78a5-4b90-a9c6-8844a4076aa3,doubtful.pub,available,42.98,51.98,medium,low,8,namecheap,,,24/09/2026 11:52
a8c4612b-3f2a-4c20-aa10-a1835ea652d7,soldiers.pub,available,39.99,39.99,medium,low,8,namesilo,,,
cf86c51a-7b5b-45b0-a8be-e787239228e7,kilogram.pub,available,39.99,39.99,high,low,8,namesilo,,,
bccb5ccc-093a-4f17-b1f9-d5a54ff99174,stealthily.pub,available,39.99,39.99,medium,low,10,namesilo,,,16/09/2026 06:59
4f286e09-537d-4c34-97b0-84f53664bb08,oracular.pub,available,39.99,39.99,medium,low,8,namesilo,,,04/09/2026 17:12
35a638e5-85b4-42fd-b24f-1d929c4643e2,destitute.pub,available,39.99,39.99,medium,low,9,namesilo,,,14/08/2026 04:32
be3369ef-43d1-47f3-b443-07ee96e9512e,dolorous.pub,available,39.99,39.99,medium,low,8,namesilo,,,14/08/2026 15:30
7651bff3-a0f7-4b65-8b06-36f3c49307ba,annul.pub,available,39.99,39.99,medium,low,5,namesilo,,,13/09/2026 06:39
4cbb414f-525b-4641-a280-918e869ad74d,exchanging.pub,available,39.99,39.99,medium,low,10,namesilo,,,20/09/2026 00:55
20414af2-7bf1-484d-9298-bc99f44d8f7c,cultivars.pub,available,32.44,32.44,low,low,9,porkbun,,,28/09/2026 00:23
78816814-b466-4907-a737-bdf52aff73da,swelled.pub,available,39.99,39.99,medium,low,7,namesilo,,,11/09/2026 05:38
6106e141-aaca-4f9a-849a-e827dbba327b,laid.pub,available,39.99,39.99,high,low,4,namesilo,,,25/09/2026 13:04
be90b20f-90fa-4f76-9203-2b78702252b2,patronize.pub,available,39.99,39.99,medium,low,9,namesilo,,,18/08/2026 15:08
c4fe0300-6977-415a-9001-eac1244a55c1,thrift.pub,available,39.99,39.99,high,low,6,namesilo,,,27/09/2026 03:24
e7aace81-7e9e-47cf-ace3-515cba8a1d69,diverse.pub,available,39.99,39.99,high,low,7,namesilo,,,14/08/2026 13:39
3eb3edc4-6380-4ff1-9908-1e22c7fbdeeb,chips.pub,available,39.99,39.99,high,low,5,namesilo,,,
68196a26-20a5-4b41-9d1b-ed6db0f22f68,dorian.pub,available,39.99,39.99,high,low,6,namesilo,,,14/08/2026 16:11
e33efdbd-c72f-4df5-acda-53a45a963355,giacometti.pub,available,39.99,39.99,high,low,10,namesilo,,,18/09/2026 02:46
5b8f3d93-0b88-4ebd-bad4-f1c0c88abee0,drain.pub,available,39.99,39.99,high,low,5,namesilo,,,24/09/2026 23:49
96d84ea7-c038-4bef-935a-171a3cf2f0ec,battalion.pub,available,39.99,39.99,high,low,9,namesilo,,,22/09/2026 14:24
3d085774-4cd8-463e-b82f-725657158f6d,enrollment.pub,available,39.99,39.99,high,low,10,namesilo,,,28/09/2026 02:45
6741b2a9-e780-4fb7-9797-335bf4f3ce30,thomas.pub,available,39.99,39.99,high,medium,6,namesilo,,,25/09/2026 04:57
f72f2756-3693-47db-8742-1baa2e849ae8,habilitate.pub,available,42.98,51.98,medium,low,10,namecheap,,,19/09/2026 20:06
e4e872fd-b0ed-4b21-bec8-835e4e1118bb,custard.pub,available,42.98,51.98,high,low,7,namecheap,,,24/09/2026 20:38
2662dbb0-bbbc-4f81-b95b-42afe808febe,auxiliary.pub,available,39.99,39.99,high,low,9,namesilo,,,
bae4482c-edeb-4347-baaa-608876f30dc9,billie.pub,available,39.99,39.99,medium,low,6,namesilo,,,28/09/2026 07:55
90dd7331-7df1-4155-8bbd-75bedb8d3c82,mischief.pub,available,42.98,51.98,high,low,8,namecheap,,,21/09/2026 21:54
89a7192c-0b0c-41c2-9a68-31f2b6271da6,lifelike.pub,available,39.99,39.99,high,low,8,namesilo,,,23/08/2026 01:41
39c68247-bf55-48da-b0bb-7e73080d1a09,chian.pub,available,39.99,39.99,medium,low,5,namesilo,,,12/08/2026 04:34
122fe9f5-2570-4bdb-bb59-a1329b7607b6,bloodless.pub,available,39.99,39.99,medium,low,9,namesilo,,,07/08/2026 02:19
103d9753-1924-495b-8083-60163f2690ce,alcoholics.pub,available,42.98,51.98,low,low,10,namecheap,,,18/09/2026 22:27
7e78d424-1a61-4393-b885-9962bf1c96a9,houses.pub,available,42.98,51.98,high,low,6,namecheap,,,17/09/2026 21:10
34deb723-3af2-4df0-8222-5b93beae0a53,panasonic.pub,available,,,high,medium,9,,,,
179dc3ac-96c5-42cb-8613-876771888e16,surfbird.pub,available,39.99,39.99,medium,low,8,namesilo,,,19/09/2026 17:13
0ba7de35-0b1c-42b3-9e02-50d7b3384ff5,solicitous.pub,available,39.99,39.99,medium,low,10,namesilo,,,10/09/2026 13:39
a9f4a09e-11a2-4dab-9a4b-f04adefa089a,corrected.pub,available,39.99,39.99,high,low,9,namesilo,,,23/09/2026 23:45
5e1aa9ba-fd11-4573-8a2f-cf8269b79cfd,makings.pub,available,39.99,39.99,high,low,7,namesilo,,,20/09/2026 04:27
7bd947ca-742b-40ce-aa8a-b47260c5b42f,barracuda.pub,available,39.99,39.99,high,low,9,namesilo,,,22/09/2026 07:54
f5414523-1a28-47cf-b258-150f4f00b7aa,thought.pub,available,32.29,32.29,high,low,7,spaceship,,,28/09/2026 09:13
00130918-632f-4fa6-a474-7fafeda0dee0,climax.pub,available,39.99,39.99,high,low,6,namesilo,,,24/09/2026 15:38
3020cf42-5235-4270-943c-2ed2114d2871,vedic.pub,available,39.99,39.99,medium,low,5,namesilo,,,13/09/2026 01:37
2da213bd-6f40-4adc-b6e6-1a4903158709,seeping.pub,available,39.99,39.99,medium,low,7,namesilo,,,04/09/2026 15:36
cd3ef89e-5e69-4161-9fca-6cdd8902377a,soppy.pub,available,39.99,39.99,medium,low,5,namesilo,,,09/08/2026 01:14
037a97e2-3345-454c-9c97-4622452b7a1a,dwelling.pub,available,39.99,39.99,high,low,8,namesilo,,,
8ddf785c-73f6-40b6-a4c9-40228b8a2fd2,cuddles.pub,available,39.99,39.99,high,low,7,namesilo,,,21/09/2026 08:38
b9a4a091-3bd7-4465-b05c-cb7e1e0bfd9c,nidifugous.pub,available,39.99,39.99,low,low,10,namesilo,,,03/09/2026 17:08
8a4ce039-e207-4af9-aaaf-67ea265284f4,likable.pub,available,39.99,39.99,high,low,7,namesilo,,,23/08/2026 06:14
75511073-3873-4592-8fbd-0c260e939eaf,staging.pub,available,42.98,51.98,high,low,7,namecheap,,,28/09/2026 20:22
df00c447-59be-493b-85d4-e051513aa436,ghetto.pub,available,39.99,39.99,high,low,6,namesilo,,,27/09/2026 13:47
085dc5fd-f6d5-4bae-958b-94dedc3e0f1e,grandfathers.pub,available,42.98,51.98,medium,low,12,namecheap,,,20/09/2026 22:52
893df2ea-e445-4c5f-86cf-b57aa1eaec39,visualized.pub,available,39.99,39.99,high,low,10,namesilo,,,24/09/2026 14:20
cfe247e9-1044-4a9e-a504-992c5b8d2cc7,vodka.pub,available,39.99,39.99,high,low,5,namesilo,,,
4b302db1-731c-46f6-a4c8-8903c8157b9b,buying.pub,available,39.99,39.99,high,low,6,namesilo,,,29/09/2026 05:41
a3bee26a-7969-4062-8eeb-036537b4d617,yearlong.pub,available,39.99,39.99,medium,low,8,namesilo,,,13/09/2026 14:24
9fa4f342-b576-4040-ab24-1231e003b287,loosely.pub,available,32.29,32.29,medium,low,7,spaceship,,,28/09/2026 13:33
a931db23-5718-4cd6-971a-e8f70d7b523a,smallest.pub,available,32.29,32.29,medium,low,8,spaceship,,,28/09/2026 17:15
a6800935-f19c-475d-b5e9-3ff85b805d94,bargeman.pub,available,39.99,39.99,medium,low,8,namesilo,,,22/09/2026 05:46
db4c5c5b-294f-4b93-9613-4b3cf98a343d,nmr.pub,available,31.2,31.2,high,low,3,cloudflare,,,28/09/2026 06:29
f82b2aa2-40dd-46dc-b4e3-0a15116d72dd,formulated.pub,available,39.99,39.99,high,low,10,namesilo,,,18/08/2026 12:22
0018b7e8-dba9-4d09-a06a-d2d2b50c4e3e,patrician.pub,available,39.99,39.99,medium,low,9,namesilo,,,06/08/2026 19:34
083a68cb-7931-4c2b-a804-3f9fd471c98d,exploited.pub,available,39.99,39.99,medium,low,9,namesilo,,,08/09/2026 15:46
d5dc4178-ad90-4fad-9428-45d4df0a0954,perceived.pub,available,39.99,39.99,high,low,9,namesilo,,,27/09/2026 03:28
16eabad9-c5d2-4336-9431-f04855a56a3a,grumble.pub,available,42.98,51.98,medium,low,7,namecheap,,,20/08/2026 20:38
0586c44e-ed5e-4f40-9d44-2fe7c19bb018,accomplish.pub,available,39.99,39.99,high,low,10,namesilo,,,28/09/2026 06:55
d0cdf0eb-3a90-4e2c-89fe-2fd159b79147,enmeshed.pub,available,39.99,39.99,medium,low,8,namesilo,,,17/08/2026 09:39
a30a4c48-4c76-45bb-8cc0-355a867fc4ed,islets.pub,available,42.98,51.98,medium,low,6,namecheap,,,29/09/2026 00:10
102b4ae3-b2fe-4bb5-bde1-588366854b41,chambers.pub,available,39.99,39.99,high,low,8,namesilo,,,08/09/2026 06:47
0de3b07d-1a41-43c7-9d0a-1759e03053d0,bennet.pub,available,42.98,51.98,high,low,6,namecheap,,,23/09/2026 08:30
ab3959f5-60ba-4300-beab-b7810b91d8e3,detectable.pub,available,39.99,39.99,high,low,10,namesilo,,,14/08/2026 04:42
6ed12e92-7a2a-4066-a82d-97aa4289e8b6,hopefully.pub,available,32.29,32.29,high,low,9,spaceship,,,28/09/2026 15:15
33c096aa-bf10-444b-a458-12a7e20e9801,blackening.pub,available,47.99,52.99,medium,low,10,name.com,,,13/08/2026 18:12
e3b341b9-f54e-4bfe-bee7-0533601517f3,luteal.pub,available,39.99,39.99,medium,low,6,namesilo,,,24/08/2026 12:07
1bd38608-b06e-400e-bec5-a87ccb331843,dissolute.pub,available,47.99,52.99,medium,low,9,name.com,,,13/08/2026 20:19
3128917d-d95b-4162-85f2-000af5467271,ministry.pub,available,31.2,31.2,high,low,8,cloudflare,,,28/09/2026 19:53
59320eca-2a4e-4749-9094-88841aaefa83,pervious.pub,available,42.98,51.98,medium,low,8,namecheap,,,08/09/2026 18:09
904dcd2d-a152-4a2e-b41b-d76e87af3e76,prompting.pub,available,42.98,51.98,high,low,9,namecheap,,,27/09/2026 07:31
125a418f-f4e4-4d3d-a2cc-9cad4da761a8,aborigine.pub,available,39.99,39.99,high,low,9,namesilo,,,
08a1cbd4-4d40-4c38-85d9-c7d6824fa43f,packaged.pub,available,39.99,39.99,high,low,8,namesilo,,,04/09/2026 22:44
14f982b8-eedf-4095-978d-5e2a9528506c,alternatively.pub,available,39.99,39.99,medium,low,13,namesilo,,,16/09/2026 12:44
1d1ddaea-e31f-4dac-8611-28fb460c623c,blazonry.pub,available,39.99,39.99,medium,low,8,namesilo,,,24/09/2026 05:06
34a18a68-6e75-4240-a54b-9a335ddf980a,appetising.pub,available,39.99,39.99,high,low,10,namesilo,,,06/08/2026 06:50
5910133b-ff9d-484d-8b86-f35bb2b552c4,motionless.pub,available,39.99,39.99,medium,low,10,namesilo,,,25/08/2026 07:28
7c84dabf-01b9-4c9e-9f31-89c4e5a5d56b,brackish.pub,available,39.99,39.99,medium,low,8,namesilo,,,11/08/2026 00:43
41f7c905-6e31-4ebc-aa4b-e3e99802d84e,homicide.pub,available,42.98,51.98,medium,low,8,namecheap,,,25/09/2026 07:26
b236cc8a-6e0b-48ab-954e-921333369c71,xlv.pub,available,39.99,39.99,medium,low,3,namesilo,,,
65168ecc-7602-4076-acba-cfa20ad587d8,arhat.pub,available,39.99,39.99,medium,low,5,namesilo,,,20/09/2026 05:05
5ce77e27-d42c-4aa5-891b-901f38cd1d30,coarse.pub,available,39.99,39.99,medium,low,6,namesilo,,,12/08/2026 13:56
de1ca5da-45a6-47bb-a6cb-7a1c23f29563,nuremberg.pub,available,39.99,39.99,medium,low,9,namesilo,,,25/09/2026 23:53
5efee40c-de6d-4154-86b8-f94e6d156b21,killers.pub,available,39.99,39.99,medium,low,7,namesilo,,,27/09/2026 11:04
34c83340-a2d3-49c3-809d-5455fd7d0a93,laggard.pub,available,39.99,39.99,medium,low,7,namesilo,,,14/08/2026 07:32
b265631c-5fb7-4254-b287-91b48b186e59,neaten.pub,available,39.99,39.99,high,low,6,namesilo,,,11/09/2026 15:42
01dedb95-ce1a-4821-9d71-154eb69beded,wraps.pub,available,39.99,39.99,medium,low,5,namesilo,,,20/09/2026 11:16
5e9d5ca2-ebd9-4db9-96e9-c8df9322b038,gossip.pub,available,39.99,39.99,high,low,6,namesilo,,,24/09/2026 13:15
70fac2f5-e17b-4ddf-84be-1fa35d7d078a,austen.pub,resell,,,high,low,6,GoDaddy Online Services Cayman Islands Ltd.,02/04/2023 16:27,02/04/2027 16:27,26/09/2026 04:08
05914c48-981a-4ced-af51-c3f6eab5d14b,bilocation.pub,available,39.99,39.99,medium,low,10,namesilo,,,23/09/2026 16:51
888f4377-0500-41b6-afc5-6fb9fec76d0e,lachrymose.pub,available,39.99,39.99,medium,low,10,namesilo,,,14/08/2026 15:34
f225161b-7067-42e8-8fe1-e79459629dcc,unimportant.pub,available,39.99,39.99,medium,low,11,namesilo,,,
f21cb547-db06-4078-9a59-1952f837e883,jurassic.pub,available,39.99,39.99,high,low,8,namesilo,,,22/08/2026 14:38
f713086e-6f25-4ad5-ad49-e3edab4604cc,hanukah.pub,available,39.99,39.99,high,low,7,namesilo,,,
71102be8-0551-499d-9dd1-bb72a5bf2e0a,succeeded.pub,available,31.2,31.2,medium,low,9,cloudflare,,,28/09/2026 17:37
fb683c5e-c058-4111-af99-ebcb2db043e3,ballerina.pub,available,42.98,51.98,high,low,9,namecheap,,,21/09/2026 22:49
b88e8c2f-3a53-4866-a2a0-7f6ed80074fd,variant.pub,available,39.99,39.99,high,low,7,namesilo,,,13/09/2026 01:15
f89b19f1-6ab5-4e50-8d3a-ba40fe4a6fba,exercise.pub,available,39.99,39.99,high,low,8,namesilo,,,19/09/2026 09:45
26b0f455-c01c-4751-9455-d9cd5b607e57,wheezing.pub,available,39.99,39.99,medium,low,8,namesilo,,,07/08/2026 09:25
a9c2734a-c507-42f5-a4a0-f690f8d2adf2,freudian.pub,available,39.99,39.99,medium,low,8,namesilo,,,18/08/2026 15:26
e0890b76-1538-4464-9797-7f7e2cee5116,facile.pub,available,39.99,39.99,high,low,6,namesilo,,,16/08/2026 06:16
3db67cd7-596c-498e-97cf-483006336940,antonia.pub,available,39.99,39.99,medium,low,7,namesilo,,,28/09/2026 16:29
98ee028f-e819-4c7a-b707-87c05f082c41,claims.pub,available,47.99,52.99,high,low,6,name.com,,,25/09/2026 20:29
c64e0a3a-dadc-4836-b1bc-1a48d1a93902,slashing.pub,available,39.99,39.99,medium,low,8,namesilo,,,10/09/2026 10:08
4721a57d-e6f1-47c4-8a2a-df474208eb44,telly.pub,available,39.99,39.99,high,low,5,namesilo,,,24/09/2026 06:44
7333a685-62a7-41b7-a5b1-90dd9e9c5431,screenshots.pub,available,39.99,39.99,medium,low,11,namesilo,,,20/09/2026 11:10
6a59be58-87a1-4e07-91e0-6f909faa78fa,julie.pub,available,39.99,39.99,high,low,5,namesilo,,,25/09/2026 14:47
fbe5b10b-74f5-47f6-8ec3-376bb4255327,flirt.pub,available,42.98,51.98,high,low,5,namecheap,,,24/09/2026 18:13
0e4a104b-baf3-437d-b83a-f10da51be102,ferned.pub,available,39.99,39.99,medium,low,6,namesilo,,,18/08/2026 01:58
67d5fa2e-e953-4739-9e50-def02362e4d1,assail.pub,available,42.98,51.98,medium,low,6,namecheap,,,20/09/2026 15:49
0194b415-6426-4f97-9ce8-1cb894c508c4,controversial.pub,available,39.99,39.99,medium,low,13,namesilo,,,
d9e7d6d5-e061-40b4-9a17-b56135872ce6,abadan.pub,available,39.99,39.99,medium,low,6,namesilo,,,16/09/2026 13:48
048de1d7-a1e0-43e9-bed9-69b984112685,acinic.pub,available,39.99,39.99,medium,low,6,namesilo,,,
34b24a2e-5560-4c5b-b6cb-dacf14614213,fulfilled.pub,available,42.98,51.98,high,low,9,namecheap,,,18/08/2026 17:51
9768a660-875d-4934-abfd-f5d7c87c452f,jaggy.pub,available,39.99,39.99,medium,low,5,namesilo,,,17/08/2026 12:34
7019b02b-f13d-4870-806d-5b8e40c9ca11,strokes.pub,available,42.98,51.98,medium,low,7,namecheap,,,29/09/2026 04:49
512d7439-f186-43be-8a92-8a73c8bcc6b9,longways.pub,available,39.99,39.99,medium,low,8,namesilo,,,22/08/2026 23:44
3901bc83-0d1c-47e3-8367-3f5758f59fa6,uniformed.pub,available,39.99,39.99,medium,low,9,namesilo,,,12/09/2026 12:57
ccb8dd64-170c-4381-94b8-a700fc209df0,arable.pub,available,39.99,39.99,medium,low,6,namesilo,,,06/08/2026 11:14
54e6e461-83ce-4c90-ab70-cb305a4189c0,guarantee.pub,available,47.99,,high,low,9,name.com,,,
f391db1b-550b-4fa2-b32d-b41cb8d66039,believer.pub,available,39.99,39.99,high,low,8,namesilo,,,23/09/2026 05:13
382990ed-f3b4-45f4-9779-de4db97210d6,doctorfish.pub,available,42.98,51.98,medium,low,10,namecheap,,,16/09/2026 20:58
5bd57249-05a4-4d34-b14e-50180c055219,made.pub,available,39.99,39.99,high,medium,4,namesilo,,,25/09/2026 16:01
9dabf244-44bd-4292-8e3b-029051786afe,widen.pub,available,39.99,39.99,high,low,5,namesilo,,,
d830cdec-e472-41fc-9f95-2087e4afeb8c,fairs.pub,available,39.99,39.99,high,low,5,namesilo,,,
4926d271-1bc8-4a31-b0dd-3413429d2e5a,venal.pub,available,39.99,39.99,medium,low,5,namesilo,,,11/08/2026 03:46
01736e0f-a4be-438e-83aa-5285099f99f6,simply.pub,available,39.99,39.99,high,medium,6,namesilo,,,25/09/2026 12:19
02c4c018-3030-4d07-b311-d7da67101321,chiefly.pub,available,39.99,39.99,high,low,7,namesilo,,,25/09/2026 05:59
2fd5e4ad-5ee6-471b-bd12-fb54cbc89a68,allocator.pub,available,39.99,39.99,high,low,9,namesilo,,,18/09/2026 11:47
3a663dcf-11ef-4d77-83b5-9cead4592f49,risen.pub,available,32.29,32.29,high,low,5,spaceship,,,27/09/2026 15:29
8934eaf2-4dc8-4698-b41a-4131a6ebfbd5,aphorist.pub,available,39.99,39.99,medium,low,8,namesilo,,,19/09/2026 17:11
f3beeade-9181-414a-9570-2206525ce66e,profundity.pub,available,42.98,51.98,medium,low,10,namecheap,,,16/09/2026 18:38
0e146925-0829-485f-a834-055779c5bda6,pharmacy.pub,available,32.29,32.29,high,low,8,spaceship,,,28/09/2026 21:46
8f9a0d72-ab4e-440d-9064-e7f13d7a6af5,deltoid.pub,available,39.99,39.99,medium,low,7,namesilo,,,14/08/2026 00:50
dafb7557-ba88-48dd-b746-8d977da8788b,sandfish.pub,available,39.99,39.99,medium,low,8,namesilo,,,22/09/2026 19:42
e25e4fee-31fd-48a1-a3f2-4b0009c2ffbf,sporty.pub,available,39.99,39.99,high,low,6,namesilo,,,10/09/2026 16:35
09d4d562-ad38-43e2-96f4-d409e341f2bf,phantasmal.pub,available,39.99,39.99,medium,low,10,namesilo,,,06/08/2026 05:33
989d6051-b3ed-44ec-909e-c942617e2944,noiseless.pub,available,42.98,51.98,medium,low,9,namecheap,,,03/09/2026 18:13
a50eac49-d8d3-4917-a9a1-6b11e3d727b8,manuals.pub,available,39.99,39.99,medium,low,7,namesilo,,,20/09/2026 09:33
9706b28b-6f28-4314-8b45-556052b58a06,admittedly.pub,available,42.98,51.98,medium,low,10,namecheap,,,11/09/2026 20:31
1875f982-98fd-493c-8cb5-c62bdd431ee3,nostril.pub,available,42.98,51.98,high,low,7,namecheap,,,19/09/2026 12:54
984e044d-0702-44fd-839a-1dbb4ac8badb,peachy.pub,available,39.99,39.99,high,low,6,namesilo,,,08/08/2026 12:41
73d15249-b21f-4ca4-9a2c-1bd565d00550,barterer.pub,available,39.99,39.99,medium,low,8,namesilo,,,22/09/2026 08:58
af55bda7-c8c2-4bf8-8175-88f1b1c79c5b,adhesive.pub,available,39.99,39.99,high,low,8,namesilo,,,
82586e23-522b-4b7c-a697-f0c382151fcf,basia.pub,available,39.99,39.99,medium,low,5,namesilo,,,22/09/2026 10:34
be0e4201-8dbb-4c72-84cd-bd37506fe372,flips.pub,available,42.98,51.98,medium,low,5,namecheap,,,19/09/2026 20:33
ae9e6b45-eb63-4d96-88d4-71b9ab351547,soak.pub,available,39.99,39.99,high,low,4,namesilo,,,16/09/2026 03:40
3f8d536b-23f7-4714-a4f9-97f348e51887,technological.pub,available,39.99,39.99,medium,low,13,namesilo,,,29/09/2026 02:31
f7a17171-dc5e-48f7-b950-285b17de40f0,baked.pub,available,39.99,39.99,high,low,5,namesilo,,,
add1d93c-bcc8-4e83-ac2b-8850d6df7f19,destinies.pub,available,39.99,39.99,high,low,9,namesilo,,,20/09/2026 07:12
b0e30a40-65ef-40f4-8057-0cc896234d37,fissure.pub,available,39.99,39.99,high,low,7,namesilo,,,13/08/2026 04:18
0faf829c-46ec-4ae0-81ca-36aaf2722b1f,chimpanzee.pub,available,39.99,39.99,high,low,10,namesilo,,,24/09/2026 14:39
de76f534-ac5b-4bc6-b267-62e83ba84547,photic.pub,available,42.98,51.98,high,low,6,namecheap,,,08/09/2026 19:17
308d326a-8c62-4007-8596-d8509d3ee305,unshoed.pub,available,42.98,51.98,low,low,7,namecheap,,,12/09/2026 19:51
c16a7386-fb36-4f86-b6af-23ac3ee41d80,senate.pub,available,32.29,32.29,medium,low,6,spaceship,,,28/09/2026 10:53
ddcb3f56-6c35-4850-a64c-6bf048b8ce08,inaccurate.pub,available,39.99,39.99,medium,low,10,namesilo,,,22/08/2026 00:09
07717ed4-5c32-48e0-93c3-25f89757082e,roadman.pub,available,42.98,51.98,medium,low,7,namecheap,,,21/09/2026 18:08
328728b8-596d-42fc-a331-af3b0a9fc6a3,parts.pub,available,39.99,39.99,high,low,5,namesilo,,,25/09/2026 09:47
3cacb3e1-cc9d-4aaa-b010-088c5ce0b3a5,dishcloth.pub,available,39.99,39.99,medium,low,9,namesilo,,,24/09/2026 22:40
b97e0931-f8bc-4597-81dc-df674b65ce09,antapex.pub,available,39.99,39.99,medium,low,7,namesilo,,,19/09/2026 12:32
9b531ab4-b2f2-4d40-ae9a-77b21649d182,breeds.pub,available,39.99,39.99,medium,low,6,namesilo,,,20/09/2026 01:09
47a9dbbb-76ee-4f80-90ee-fe4332045f17,ithaca.pub,available,32.44,32.44,high,low,6,porkbun,,,27/09/2026 14:23
cd392ee9-2330-4ad7-99a1-f841360a8f57,pike.pub,available,33.08,33.08,high,low,4,dynadot,,,28/09/2026 14:07
7ddd45a7-b907-4aec-9b2f-7e2f31926ce0,pawpaw.pub,available,42.98,51.98,medium,low,6,namecheap,,,20/09/2026 14:11
026a1d23-f4ab-4bab-819c-70438b2fa7ad,interrupt.pub,available,47.99,52.99,high,low,9,name.com,,,13/08/2026 12:38
3344601b-7778-4f13-8134-bbdc50bb63b2,reservoir.pub,available,39.99,39.99,high,low,9,namesilo,,,20/09/2026 11:41
8c825154-30d9-48d8-8473-6f9ec07481d1,orderly.pub,available,39.99,39.99,high,low,7,namesilo,,,03/09/2026 14:34
9301eeea-90bc-4c41-aeae-2c5cb3739441,selection.pub,available,32.29,32.29,high,low,9,spaceship,,,28/09/2026 07:48
ada21216-2a2e-421b-ac8f-c39e0942c899,anthriscus.pub,available,39.99,39.99,medium,low,10,namesilo,,,19/09/2026 13:53
2fbb67f1-4ddb-4b92-a797-1c419d31b6ee,aboard.pub,available,39.99,39.99,high,low,6,namesilo,,,28/09/2026 11:33
0cad510e-5453-4d5e-9b78-be6308f47037,tonsorial.pub,available,39.99,39.99,medium,low,9,namesilo,,,11/09/2026 17:12
0eca7e44-ba5e-46eb-9de3-55244e8e7356,fall.pub,available,33.08,33.08,high,low,4,dynadot,,,28/09/2026 09:35
c8560555-c3cb-4e70-9c4a-0214de5dbb28,efficiency.pub,available,33.08,33.08,high,low,10,dynadot,,,28/09/2026 03:34
8b293854-ccc5-4712-b58a-4159cacba7dc,solvent.pub,available,42.98,51.98,high,low,7,namecheap,,,19/09/2026 16:47
35aee362-c9d5-468f-8cc9-8fda20794155,potential.pub,available,39.99,39.99,high,low,9,namesilo,,,27/09/2026 04:46
a43cc874-e635-4d5c-8482-ec6f73a96da0,reached.pub,available,42.98,51.98,medium,low,7,namecheap,,,17/09/2026 19:16
726d8087-602b-4c5b-87ec-71d0b665023f,acerb.pub,available,39.99,39.99,medium,low,5,namesilo,,,
2c71f721-603e-42d8-9ba9-03c2cc0cc047,anthony.pub,available,39.99,39.99,high,low,7,namesilo,,,19/09/2026 13:34
4434ebf2-f054-476f-9b9a-c36f851fa56e,campestral.pub,available,39.99,39.99,medium,low,10,namesilo,,,11/08/2026 16:05
82992b91-0570-4b21-ad64-06d68ed09229,darkish.pub,available,47.99,52.99,medium,low,7,name.com,,,13/08/2026 18:14
6bd38bc5-19a0-464e-830f-26285104d2c8,opal.pub,available,39.99,39.99,high,low,4,namesilo,,,
cdacb403-479c-436f-97dd-c4640820277b,stations.pub,available,39.99,39.99,high,low,8,namesilo,,,
78a0ca1b-bc62-4e8a-9faa-ed29fb1ec811,verbal.pub,available,33.08,33.08,high,low,6,dynadot,,,28/09/2026 10:13
4c510a6e-64f3-46e0-bdbd-1441d43efd59,tamanoir.pub,available,42.98,51.98,medium,low,8,namecheap,,,19/09/2026 12:16
81551e36-6294-4553-b0cf-f446ac806c07,prosperous.pub,available,42.98,51.98,high,low,10,namecheap,,,10/08/2026 19:19
d1762f93-7d02-458d-8d11-b94d0eafe6b8,work.pub,resell,,,high,medium,4,"Chengdu West Dimension Digital Technology Co., Ltd.",27/01/2015 04:06,27/01/2027 04:06,27/09/2026 23:50
5e382db2-ac78-43f3-9ff8-7f5644aedce5,adherence.pub,available,39.99,39.99,high,low,9,namesilo,,,17/09/2026 07:58
3c85fff3-2102-42ce-b113-73c1b5fd9c05,alecto.pub,available,39.99,39.99,medium,low,6,namesilo,,,18/09/2026 04:50
5014e872-4d45-4634-983e-98de28407637,scent.pub,available,42.98,51.98,high,low,5,namecheap,,,20/09/2026 08:28
f9ac0c80-6d99-4c74-9cc8-b861d766dc77,addresses.pub,available,47.99,,medium,low,9,name.com,,,
e2b3f1a7-6ef7-4f3a-a128-8b6cc1a81ca4,punt.pub,available,42.98,51.98,high,low,4,namecheap,,,18/08/2026 19:54
ca028163-62dc-4c47-815d-2d838c6e8101,georges.pub,available,39.99,39.99,medium,low,7,namesilo,,,25/09/2026 15:05
b7abdf7e-1572-4ffe-be06-96ae1da564bf,albatross.pub,available,39.99,39.99,high,low,9,namesilo,,,18/09/2026 02:28
e6bfcf51-4300-4c9e-b4fd-f1372c4f3a41,retained.pub,available,42.98,51.98,high,low,8,namecheap,,,27/09/2026 13:05
ba6f2fce-c635-4d24-b700-001016329876,niece.pub,available,39.99,39.99,high,low,5,namesilo,,,
a45ffb43-8b8e-48ae-885d-d9cc0208a0a6,piebald.pub,available,39.99,39.99,medium,low,7,namesilo,,,03/09/2026 10:37
c5e893c2-0555-47d7-97fd-0767706e5f59,swaps.pub,available,42.98,51.98,medium,low,5,namecheap,,,18/09/2026 22:39
4f1fe200-9367-4054-b508-53cd1b397275,clemens.pub,available,31.2,31.2,high,low,7,cloudflare,,,27/09/2026 12:32
fdd18111-9875-4147-9ad9-7cf9cfca231b,prolific.pub,available,39.99,39.99,high,low,8,namesilo,,,27/09/2026 07:21
5d26ed0e-b9a6-4619-aff8-1dc3bba43e9e,hopkins.pub,available,39.99,39.99,high,low,7,namesilo,,,19/09/2026 13:42
1023735f-2ce9-4367-9c19-314b13392be8,disloyal.pub,available,39.99,39.99,medium,low,8,namesilo,,,14/08/2026 11:36
6296e1a7-d8e2-451b-ae4b-f594bcf3fc5e,unknowable.pub,available,39.99,39.99,medium,low,10,namesilo,,,12/09/2026 14:17
fde30a9e-6c7f-4e83-a496-ad0757fd9582,tragicomic.pub,available,39.99,39.99,medium,low,10,namesilo,,,11/09/2026 18:46
62654708-745c-4868-a0db-970118e32d6c,fax.pub,available,31.2,31.2,high,low,3,cloudflare,,,28/09/2026 14:07
f246a237-1eb2-4111-a8ed-52a8138c4d2a,beginning.pub,available,39.99,39.99,high,low,9,namesilo,,,09/08/2026 09:06
fb253d6e-0e53-4372-bc47-9a0aa5ce4d03,scratched.pub,available,39.99,39.99,medium,low,9,namesilo,,,
3eef4ccb-38a2-4af4-8e68-b3ef01d5f010,arcane.pub,available,39.99,39.99,high,low,6,namesilo,,,06/08/2026 14:24
f07f0858-a49c-4a42-8b0c-10bdf9c061c4,affiliation.pub,available,39.99,39.99,high,low,11,namesilo,,,
0afd19f0-e09d-460d-939d-39ef3d80c81a,disrespect.pub,available,39.99,39.99,high,low,10,namesilo,,,
5829064e-c749-4e43-832e-d19dbd22c5ce,smallish.pub,available,39.99,39.99,medium,low,8,namesilo,,,10/09/2026 11:46
2a5d165f-e096-4374-b739-5414e9451dbf,marooned.pub,available,39.99,39.99,medium,low,8,namesilo,,,25/09/2026 16:58
70566139-4227-4ba4-acdd-4bd23558e457,patientcare.pub,available,39.99,39.99,high,low,11,namesilo,,,
34b57667-f40a-44eb-ad2f-42ad9f33ef85,brimless.pub,available,39.99,39.99,medium,low,8,namesilo,,,11/08/2026 04:13
fb022cb4-486f-468e-877c-cdae2add3af4,completed.pub,available,39.99,39.99,high,low,9,namesilo,,,23/09/2026 17:22
52daa5bd-47cf-4b98-8b32-0984760c5c95,altruist.pub,available,42.98,51.98,high,low,8,namecheap,,,28/09/2026 20:46
fd3d77a7-5d5f-46b1-97c2-251e2978f1f2,pneumatic.pub,available,39.99,39.99,high,low,9,namesilo,,,08/09/2026 22:06
08a52893-7872-49de-bc7d-892d0fdcd888,fledgling.pub,available,39.99,39.99,medium,low,9,namesilo,,,11/08/2026 14:45
b77bb5bc-73c8-4e1b-b84b-fc647d203f85,deepest.pub,available,47.99,,medium,low,7,name.com,,,
5d53c435-01d3-45d6-b6ec-5ce67c283237,affairs.pub,available,39.99,39.99,high,low,7,namesilo,,,17/09/2026 14:09
d4f5528a-925a-4c24-84b3-0b9260490edf,barbershop.pub,available,42.98,51.98,high,low,10,namecheap,,,22/09/2026 04:52
510430b6-3bc7-48e7-929d-4df18e76a9dd,unfailing.pub,available,39.99,39.99,high,low,9,namesilo,,,18/08/2026 10:39
1fb003f9-f63d-4f04-b9b4-02340bef44bf,grossly.pub,available,39.99,39.99,medium,low,7,namesilo,,,14/09/2026 22:29
5be92890-838f-4c39-ba6a-b4c49c906600,needed.pub,available,39.99,39.99,high,low,6,namesilo,,,03/09/2026 14:49
97cf27dc-69e1-4a25-beb1-5c82efd59306,greens.pub,available,47.99,,high,low,6,name.com,,,
6754fdc2-0dee-4f66-b438-1b58377261a5,greatly.pub,available,32.29,32.29,high,low,7,spaceship,,,28/09/2026 15:04
63e46977-76f8-4232-b9bf-6bde509cc6cc,forgive.pub,available,39.99,39.99,high,low,7,namesilo,,,
4ce7624a-363e-4b43-a5ea-2f10237f16f1,bollock.pub,available,39.99,39.99,medium,low,7,namesilo,,,21/09/2026 23:08
5643864d-9171-4a0e-a216-57062d99ae83,cuff.pub,available,39.99,39.99,medium,low,4,namesilo,,,29/09/2026 00:32
d0057386-b013-4f82-9746-3ae35a6bcf67,arminius.pub,available,39.99,39.99,medium,low,8,namesilo,,,20/09/2026 07:08
ec191647-6c4e-4344-88ff-cb6f6a0180d8,fte.pub,available,32.29,32.29,high,low,3,spaceship,,,29/09/2026 03:33
fd0ca562-ecd0-441a-9a27-f6e56b04e249,backup.pub,available,39.99,39.99,high,low,6,namesilo,,,28/09/2026 06:59
30206cec-f166-425e-aa4a-c57b97d48b9c,sleeve.pub,available,31.2,31.2,high,low,6,cloudflare,,,27/09/2026 15:53
0a90c63a-001e-4ea3-bc2d-6ebed5fcb0f9,harrington.pub,available,39.99,39.99,high,low,10,namesilo,,,25/09/2026 12:26
a91fb6a6-3cfb-43bc-a697-8bf8267c8f6a,bodied.pub,available,39.99,39.99,medium,low,6,namesilo,,,10/08/2026 16:44
bde3ab0e-d0b3-4947-8b69-5d6b9f9e9521,arrivals.pub,available,39.99,39.99,medium,low,8,namesilo,,,21/09/2026 01:02
4b477341-aba9-4b4c-aa27-ec829c8d8856,israeli.pub,available,39.99,39.99,high,low,7,namesilo,,,22/08/2026 11:32
195487b9-c9f4-45ae-b8e2-cd3ea3557acf,stanley.pub,premium,242,242,high,low,7,namesilo,,,25/09/2026 06:08
45ed6975-cf1a-410e-af50-e3f7ea408048,unexpired.pub,available,39.99,39.99,medium,low,9,namesilo,,,12/09/2026 09:38
e8ce92d0-6d85-4d1a-817d-1e619c09799d,chap.pub,available,39.99,39.99,medium,low,4,namesilo,,,24/09/2026 06:13
2fd1586b-625f-48b5-a75a-83ead9976f38,grayson.pub,available,32.29,32.29,medium,low,7,spaceship,,,28/09/2026 00:47
6c91c43f-27ef-409f-baf1-27e38093b5de,sneezewort.pub,available,42.98,51.98,medium,low,10,namecheap,,,17/09/2026 00:38
592df090-6958-48a1-9a2a-6578a1981e60,choc.pub,available,39.99,39.99,high,low,4,namesilo,,,
6ce80f35-0be7-4f97-b34d-75314d68b7ec,icelandic.pub,available,39.99,39.99,high,low,9,namesilo,,,21/08/2026 17:45
85801281-3076-477f-b578-b7c837f75e9f,elapsed.pub,available,39.99,39.99,medium,low,7,namesilo,,,16/08/2026 00:41
5e647d24-9f2d-47ab-9a9e-7fe344e5f40c,referring.pub,available,39.99,39.99,high,low,9,namesilo,,,28/09/2026 03:35
43dc5c1c-0734-4051-8d41-1b786629d029,steuben.pub,available,39.99,39.99,medium,low,7,namesilo,,,22/09/2026 07:05
b7f73286-b199-46af-93c1-b75c81384c78,pulled.pub,available,39.99,39.99,high,low,6,namesilo,,,
74b6f635-08f2-4be0-99fb-873449b6b601,disrupt.pub,available,47.99,52.99,high,low,7,name.com,,,13/08/2026 12:40
602c63f9-36c9-49d1-b982-5894a4ed9934,aeolis.pub,available,39.99,39.99,medium,low,6,namesilo,,,17/09/2026 12:32
f0d73fbf-f6d8-44c4-8e40-e83d40334abf,venturer.pub,available,33.08,33.08,high,low,8,dynadot,,,28/09/2026 07:03
2a7f673f-9208-45d2-8454-158daad81a76,cannily.pub,available,39.99,39.99,medium,low,7,namesilo,,,14/09/2026 05:10
6282ed6c-5eb7-4e20-b2aa-2ac18b30efc5,priority.pub,available,39.99,39.99,high,low,8,namesilo,,,19/09/2026 12:40
b95f3bc9-ea08-4ecc-bb63-d600b52b7314,classics.pub,available,39.99,39.99,high,low,8,namesilo,,,28/09/2026 13:44
09782845-5ca9-4ccd-90af-f6e09d268d09,smell.pub,available,31.2,31.2,high,low,5,cloudflare,,,27/09/2026 22:50
e8563c8e-c5da-42eb-8c22-880209fa688e,downstair.pub,available,42.98,51.98,medium,low,9,namecheap,,,14/08/2026 17:57
a344a170-c856-4947-85a1-318d8851ccd4,demands.pub,available,42.98,51.98,low,low,7,namecheap,,,27/09/2026 10:52
74183ffa-9095-41a1-8c63-faf256a4af09,atavist.pub,available,39.99,39.99,medium,low,7,namesilo,,,11/09/2026 14:58
d939fb69-2dfe-4724-a9d6-e4c90d10b27a,scaled.pub,available,39.99,39.99,high,low,6,namesilo,,,09/09/2026 22:20
7b2b5ead-c4e9-4123-a9de-96c416a813d7,cesium.pub,available,42.98,51.98,medium,low,6,namecheap,,,20/09/2026 23:15
5e5685a5-f279-4a55-b3e5-99390e8bf491,pacifier.pub,available,39.99,39.99,high,low,8,namesilo,,,21/09/2026 13:07
0d75e9f2-6e07-4f19-b0ea-034c741f896a,segmental.pub,available,39.99,39.99,medium,low,9,namesilo,,,24/08/2026 21:41
20cbd1f2-7611-4b12-ad5a-971e610d54e4,aucuba.pub,available,42.98,51.98,medium,low,6,namecheap,,,21/09/2026 02:47
5f7a09f0-ac81-4dab-b4c5-94173398e7b6,catarrhal.pub,available,42.98,51.98,medium,low,9,namecheap,,,11/08/2026 21:09
a48cd527-5a59-4393-9925-80f171348fe5,communion.pub,available,33.08,33.08,high,low,9,dynadot,,,29/09/2026 00:28
a44472b5-d43f-4ece-83bb-077f83aa839f,empire.pub,available,39.99,39.99,high,medium,6,namesilo,,,25/09/2026 05:34
67a49881-c514-421c-b039-e15f48a8a632,wayfaring.pub,available,39.99,39.99,medium,low,9,namesilo,,,13/09/2026 08:47
f4a215a9-1ca7-4d83-af4c-28c5cb196b23,selfless.pub,available,39.99,39.99,high,low,8,namesilo,,,22/09/2026 02:51
5ddf6719-a6c3-4c0d-a6fe-ed6db508aed5,fraternity.pub,available,32.44,32.44,high,low,10,porkbun,,,28/09/2026 14:13
50faa4e5-f954-4fbd-9f9d-6f7030697ca1,bucolic.pub,available,39.99,39.99,high,low,7,namesilo,,,06/08/2026 14:14
06101e14-7ca3-499c-9c2b-95fdec35dac9,commodity.pub,available,39.99,39.99,high,low,9,namesilo,,,
79a7a034-782a-4f2f-9e63-3d05d5d7f8fc,coronary.pub,available,39.99,39.99,high,low,8,namesilo,,,13/08/2026 01:44
79c883cd-fd4b-40fa-8c61-7e9ecfc2accf,blaze.pub,available,39.99,39.99,high,low,5,namesilo,,,10/08/2026 13:51
a8655468-0504-4982-8023-a0ca30eac35b,harmon.pub,available,39.99,39.99,high,low,6,namesilo,,,27/09/2026 07:57
b3618b54-47c0-4fa7-bf31-ab12b72c5316,inhibited.pub,available,39.99,39.99,medium,low,9,namesilo,,,22/08/2026 05:07
d26a0b3e-bdd9-4c48-909c-5226c961abd1,credible.pub,available,39.99,39.99,high,low,8,namesilo,,,09/08/2026 12:56
06747eb5-d222-4d09-81f1-3b7493c14a8f,grayly.pub,available,39.99,39.99,low,low,6,namesilo,,,14/09/2026 22:14
6b910875-1ca7-4567-a0dd-c5d0cc0d9221,direction.pub,available,39.99,39.99,high,low,9,namesilo,,,
23eb693d-dc1a-401d-9d42-2b9eb42447c2,arhant.pub,available,42.98,51.98,medium,low,6,namecheap,,,20/09/2026 05:07
75b53029-81ed-4eca-945b-6dfc8d78f759,acorn.pub,available,39.99,39.99,high,low,5,namesilo,,,17/09/2026 02:18
9a72e6b0-a3a8-4777-81fd-3c75b35a454d,imported.pub,available,39.99,39.99,medium,low,8,namesilo,,,21/08/2026 22:48
1d8960f8-8865-4222-80b6-e977c15bab79,zaftig.pub,available,39.99,39.99,medium,low,6,namesilo,,,13/09/2026 14:56
dd474c8e-5a7d-4f40-9b6e-856f369bc995,cursory.pub,available,39.99,39.99,medium,low,7,namesilo,,,13/08/2026 11:41
f8135e21-4761-4997-861a-7716a0c1800f,canny.pub,available,39.99,39.99,medium,low,5,namesilo,,,11/08/2026 13:23
619252db-2a91-4bea-bcdc-98228353508f,prodigy.pub,available,39.99,39.99,high,low,7,namesilo,,,27/09/2026 07:16
13e78452-98ae-491e-8570-7d0efb13d7c8,continuant.pub,available,39.99,39.99,medium,low,10,namesilo,,,12/08/2026 23:17
132035dd-b0ae-4b75-8cb1-aeee1c296d4e,darlington.pub,available,42.98,51.98,high,low,10,namecheap,,,27/09/2026 06:24
9aef386b-0055-4e48-ad2a-6429d57feb2b,distressed.pub,available,39.99,39.99,medium,low,10,namesilo,,,14/08/2026 12:16
c5c8658a-2644-4545-83e6-dab82b780739,abbey.pub,available,39.99,39.99,high,low,5,namesilo,,,16/09/2026 14:25
761bc8c9-9273-404b-a85e-fb35351bc254,apoptosis.pub,available,42.98,51.98,medium,low,9,namecheap,,,19/09/2026 19:14
78babd3b-1c9c-4911-b375-426e4e6c3936,yuck.pub,available,39.99,39.99,high,low,4,namesilo,,,
9ba9d4e4-f1bc-48fc-bbeb-9a116aa8dfba,butchery.pub,available,39.99,39.99,medium,low,8,namesilo,,,16/09/2026 14:16
96d941c0-e598-4b20-8027-3e0def4b8ad0,pleased.pub,available,47.99,52.99,high,low,7,name.com,,,27/09/2026 04:08
0efe8684-c161-44b2-b80f-adbf367db5e7,brumous.pub,available,39.99,39.99,medium,low,7,namesilo,,,11/08/2026 06:49
09a7e57b-e9aa-4e9f-8572-601f3f6491c8,judicial.pub,available,39.99,39.99,high,low,8,namesilo,,,22/08/2026 14:14
cad4a06f-3f96-4228-8e8b-1e7eb29e4a1e,pairs.pub,available,39.99,39.99,medium,low,5,namesilo,,,16/09/2026 14:58
752403a7-93a1-44e6-9648-c6cbd6a9b9d2,altitude.pub,available,42.98,51.98,high,low,8,namecheap,,,18/09/2026 14:29
aec33fe5-ccbc-47f7-97c3-7157854380bf,lover.pub,available,39.99,39.99,high,low,5,namesilo,,,23/09/2026 10:15
55ae9f0f-9b7b-4a06-8b08-702602118186,hardin.pub,available,42.98,51.98,medium,low,6,namecheap,,,28/09/2026 04:15
d223ca8d-67ca-49f1-9bd2-ae158db060df,canoe.pub,available,39.99,39.99,high,low,5,namesilo,,,
8ca71e02-867d-47fa-8301-4177c33a0168,alarum.pub,available,42.98,51.98,medium,low,6,namecheap,,,18/09/2026 02:00
ad95ec6d-3d25-4204-ad7c-a22b15c27dbc,institution.pub,available,39.99,39.99,high,low,11,namesilo,,,27/09/2026 08:25
65179978-099b-4cc6-9f44-39156f18dc97,screwing.pub,available,39.99,39.99,medium,low,8,namesilo,,,18/08/2026 17:28
b3609c67-d57c-4e00-ada0-c69dc2329b5d,neodymium.pub,available,39.99,39.99,medium,low,9,namesilo,,,20/09/2026 23:22
19c502e7-75fe-411d-aaea-771e0d6852da,heavens.pub,available,42.98,51.98,high,low,7,namecheap,,,16/08/2026 21:00
511f27f4-218b-44b6-9731-9cdced8e0be7,dissembler.pub,available,42.98,51.98,medium,low,10,namecheap,,,08/09/2026 19:10
2ab9ae53-664d-4e92-8371-4e005359696d,emollient.pub,available,39.99,39.99,high,low,9,namesilo,,,14/08/2026 01:39
c2a74b9b-b4a5-437e-b484-89ae0d664cda,nimitz.pub,available,39.99,39.99,medium,low,6,namesilo,,,17/09/2026 08:52
8404a441-1ed5-4d47-98d2-c332f8debb72,tompkins.pub,available,32.29,32.29,medium,low,8,spaceship,,,28/09/2026 08:31
f7fc6fbc-eb6b-4467-aafe-2065d9754ef3,ghoulish.pub,available,39.99,39.99,medium,low,8,namesilo,,,18/08/2026 23:21
441d0a5d-4f17-4249-9cf6-a71d262e93a5,based.pub,available,42.98,51.98,high,medium,5,namecheap,,,22/09/2026 17:49
79903765-c77a-4289-98a0-b1e46bca7121,tappan.pub,available,39.99,39.99,medium,low,6,namesilo,,,20/09/2026 11:08
6066e930-ad5c-425b-80aa-778e8aebda1d,irritable.pub,available,42.98,51.98,medium,low,9,namecheap,,,25/09/2026 11:30
53c0fe1f-a0f6-4f77-bcd0-1eb782d6dda3,resupine.pub,available,39.99,39.99,medium,low,8,namesilo,,,09/09/2026 15:30
82d5beff-9e19-43a9-ab9f-1fefbe808dd4,untypical.pub,available,39.99,39.99,medium,low,9,namesilo,,,07/08/2026 16:10
0a827a39-aa6e-40e9-aa3f-a591c14e2457,bicycles.pub,available,39.99,39.99,medium,low,8,namesilo,,,18/09/2026 23:48
4c471ceb-9185-4460-8715-a2fa3fe8402a,certain.pub,available,32.29,32.29,high,low,7,spaceship,,,27/09/2026 19:05
2d449de0-3628-4480-900d-bc5507dce90f,imminently.pub,available,39.99,39.99,medium,low,10,namesilo,,,15/09/2026 02:00
0f0aa557-46d3-4238-a977-4ba9f80b458d,risky.pub,available,39.99,39.99,medium,low,5,namesilo,,,21/08/2026 01:43
05243688-e2df-4e14-a60c-81b2ca237eff,asinine.pub,available,39.99,39.99,low,low,7,namesilo,,,07/08/2026 02:35
d7176217-e1da-446f-ac8a-e83d3b011cc6,megascopic.pub,available,42.98,51.98,medium,low,10,namecheap,,,24/08/2026 19:26
b1f67cc1-41b7-4d99-b5aa-19f51dca85a0,impression.pub,available,39.99,39.99,high,low,10,namesilo,,,
0b4cbc24-d517-4c4e-b3f5-ae55c6bf0e32,archil.pub,available,39.99,39.99,medium,low,6,namesilo,,,20/09/2026 02:06
a916530c-52af-499d-81f4-067bf8f4fce6,abohm.pub,available,42.98,51.98,medium,low,5,namecheap,,,16/09/2026 16:26
dd4abcca-daa5-49c8-b3db-51ffa792de9e,fortuna.pub,available,32.44,32.44,high,low,7,porkbun,,,29/09/2026 00:59
c4cf1780-f802-4600-81b2-ec800bb09867,anorexic.pub,available,39.99,39.99,medium,low,8,namesilo,,,
c9519ffb-ff50-46b7-ae14-7805b9f463d0,derriere.pub,available,39.99,39.99,low,low,8,namesilo,,,09/08/2026 11:55
b784b444-9af3-426e-bba2-eb36b8c0274b,acinous.pub,available,39.99,39.99,medium,low,7,namesilo,,,
55633551-8c16-4d24-b616-2493c946efe0,privileges.pub,available,32.29,32.29,low,low,10,spaceship,,,28/09/2026 17:31
7109d468-8123-4d1f-94ad-40174e4124f8,lori.pub,available,32.29,32.29,medium,low,4,spaceship,,,28/09/2026 12:05
6eb2e312-ac4b-41a7-bac5-49d231e7d3b6,researcher.pub,available,42.98,51.98,high,low,10,namecheap,,,28/09/2026 02:34
e8af557f-f9f3-46b3-bc69-cc349eabca9f,rested.pub,available,31.2,31.2,high,low,6,cloudflare,,,27/09/2026 12:50
c584a320-e6f2-4d93-be08-b1b17281ae63,sparing.pub,available,39.99,39.99,high,low,7,namesilo,,,18/08/2026 16:58
679376ab-e903-4b9e-ac0f-364d3a29f73f,bauble.pub,available,42.98,51.98,medium,low,6,namecheap,,,22/09/2026 16:31
f6fe4c37-cf2c-44e8-8165-16b35baf88c6,peaking.pub,available,39.99,39.99,high,low,7,namesilo,,,
5748214e-d23b-4b5f-aa74-6f516472db5d,fireproof.pub,available,39.99,39.99,high,low,9,namesilo,,,18/08/2026 05:07
1c295335-103c-4fa5-9055-1ec36fc626cc,smiled.pub,available,39.99,39.99,medium,low,6,namesilo,,,18/09/2026 01:26
1d397b48-4275-4cd4-992b-702c07f479a0,chambered.pub,available,39.99,39.99,medium,low,9,namesilo,,,12/08/2026 01:34
2dcd843f-dde5-41ad-962e-e072a2cedc06,afghani.pub,available,39.99,39.99,medium,low,7,namesilo,,,
b86b804a-c66f-42e5-88d5-ac92cd2a8fef,yur.pub,available,39.99,39.99,medium,low,3,namesilo,,,
8a68d796-0ff7-48b6-868e-bf5feff151e9,rama.pub,available,42.98,51.98,high,low,4,namecheap,,,27/09/2026 15:30
fc495b32-fb98-41fa-8a0c-caaf3f698d42,antacid.pub,available,39.99,39.99,high,low,7,namesilo,,,22/09/2026 05:43
9bcb8345-7978-43f2-9870-1cfb8f644cfe,gangster.pub,available,32.29,32.29,medium,low,8,spaceship,,,28/09/2026 09:51
ae8a12a8-abb4-456f-81ed-f247e7c5e76e,mitigated.pub,available,39.99,39.99,medium,low,9,namesilo,,,25/08/2026 02:06
e7df1854-730b-4c77-b532-595c8ae32faf,weeks.pub,available,39.99,39.99,medium,low,5,namesilo,,,
d119b99b-38e8-4989-88a7-d17418fac5f5,pitfall.pub,available,39.99,39.99,medium,low,7,namesilo,,,
70947b71-c2e8-4300-8297-ae5f40ee670b,vaginal.pub,available,39.99,39.99,medium,low,7,namesilo,,,13/09/2026 00:49
bf10e949-e3e5-45ed-a616-1eb80bea5b8f,friendship.pub,available,39.99,39.99,high,low,10,namesilo,,,
06beb52d-ebdb-4459-8109-e201d0e468aa,sousa.pub,available,31.2,31.2,high,low,5,cloudflare,,,28/09/2026 19:33
d13004fa-ff25-47c4-8893-a9c2b601a763,designers.pub,available,39.99,39.99,high,low,9,namesilo,,,27/09/2026 02:12
e4d41d38-034c-4e6c-8c1e-f01874751a28,binomial.pub,available,39.99,39.99,high,low,8,namesilo,,,10/08/2026 00:30
543cbe62-0938-4408-bee4-c45eff08108e,apical.pub,available,39.99,39.99,medium,low,6,namesilo,,,05/08/2026 23:58
8f2fb973-5cb9-401c-9941-2fbbbf412a26,isolation.pub,available,39.99,39.99,high,low,9,namesilo,,,24/09/2026 16:00
694bda1d-0f43-4919-b7a0-de4aa25c4b9c,tuneful.pub,available,39.99,39.99,high,low,7,namesilo,,,24/08/2026 19:43
d619af8b-99ff-4655-a74b-c1a5d17793fe,doubtless.pub,available,39.99,39.99,high,low,9,namesilo,,,14/09/2026 13:54
0fc75dc0-4e33-481e-a645-2cd9816a5185,inexplicit.pub,available,39.99,39.99,medium,low,10,namesilo,,,21/08/2026 22:39
b7f08673-8416-4072-9685-b39fc0f65620,provincial.pub,available,39.99,39.99,high,low,10,namesilo,,,11/08/2026 07:37
588bb253-a27c-4b39-ab19-e3c9ed745851,harm.pub,available,39.99,39.99,high,low,4,namesilo,,,08/09/2026 07:44
9c54d23e-cada-4b65-b2fa-03d13212f5eb,sprucely.pub,available,39.99,39.99,medium,low,8,namesilo,,,15/09/2026 15:17
8f5d4d94-fa85-4a44-ae6e-ef545dc77a08,bitterness.pub,available,39.99,39.99,medium,low,10,namesilo,,,17/09/2026 03:08
616e6965-08f7-4df6-ae6a-32f754ebd646,baksheesh.pub,available,39.99,39.99,medium,low,9,namesilo,,,21/09/2026 15:52
abccbb81-a3a0-4998-88fe-cfb83d95c850,runproof.pub,available,39.99,39.99,medium,low,8,namesilo,,,22/08/2026 18:28
ebc26f36-c4da-4255-a342-5f6291201788,scrubby.pub,available,39.99,39.99,medium,low,7,namesilo,,,09/09/2026 23:39
eccd03ec-01a4-421e-a7fa-6f98755078a1,camper.pub,available,,,high,high,6,,,,
b2dde953-88de-4080-90d9-cdbaf287c73c,dotted.pub,available,47.99,52.99,medium,low,6,name.com,,,13/08/2026 18:28
bb07dd14-2eb0-45a7-8d60-2df29ec2a59b,transmitter.pub,available,39.99,39.99,high,low,11,namesilo,,,28/09/2026 15:46
887d334d-6aa9-44b0-8ae0-e2466f949dd8,aviatrix.pub,available,39.99,39.99,high,low,8,namesilo,,,17/09/2026 23:25
5da69b2b-5ced-4612-b7f1-6b568c9138d6,eighties.pub,available,39.99,39.99,high,low,8,namesilo,,,16/09/2026 12:00
f2827a0c-fcb3-43ec-9ce6-c8af36e75e51,chet.pub,available,33.08,33.08,high,low,4,dynadot,,,29/09/2026 03:38
e9ab26dc-33e1-4c9c-a417-11a395f3e422,sentiment.pub,available,32.29,32.29,high,low,9,spaceship,,,28/09/2026 15:00
107d8c83-d8ba-415e-b229-47cd149081fc,accordion.pub,available,39.99,39.99,high,low,9,namesilo,,,16/09/2026 23:02
0a172906-2be3-4a5e-9886-d204224b985b,maudlin.pub,available,39.99,39.99,medium,low,7,namesilo,,,09/08/2026 00:42
eca6e41b-218c-42a8-9e60-f41f48dc2073,peabody.pub,available,42.98,51.98,medium,low,7,namecheap,,,29/09/2026 00:46
da457c4a-00cd-482c-9a05-dcb7c2992e21,steward.pub,available,32.29,32.29,high,low,7,spaceship,,,28/09/2026 18:50
a4bc7c7b-28c0-4c59-9dbe-ade65ca71a05,grass.pub,available,39.99,39.99,high,low,5,namesilo,,,
dc016282-ae42-42aa-b7e6-1113df40753a,unstaged.pub,available,42.98,51.98,medium,low,8,namecheap,,,12/09/2026 20:29
cde3ac3d-a8d3-4a89-a6b0-57f7a11edcc1,undecided.pub,available,39.99,39.99,high,low,9,namesilo,,,04/09/2026 14:20
562b65c5-0881-4fce-aa2e-8e99f4fc68f6,procure.pub,available,39.99,39.99,high,low,7,namesilo,,,10/09/2026 01:32
94a5cc2e-f180-405b-84e3-221284e66bff,echoic.pub,available,39.99,39.99,medium,low,6,namesilo,,,14/08/2026 23:34
cfbe0a90-1a09-4613-a543-f41a4a1c3466,slithering.pub,available,39.99,39.99,medium,low,10,namesilo,,,10/09/2026 11:07
8d994d25-056b-4c3a-938f-95fd734549a3,keenness.pub,available,39.99,39.99,high,low,8,namesilo,,,21/09/2026 09:30
deaa5895-fff0-48d7-9337-48f31b9c4612,apr.pub,available,39.99,39.99,high,low,3,namesilo,,,19/09/2026 22:28
8e2d24c2-7e9a-416f-bc03-dc1b312c646e,renewing.pub,available,39.99,39.99,high,low,8,namesilo,,,09/09/2026 14:06
34542798-467e-4a0a-bcee-75de73d24351,fractious.pub,available,39.99,39.99,medium,low,9,namesilo,,,18/08/2026 13:53
18375a2f-ef4f-42b0-bb36-512ab5ba12f4,bookmark.pub,available,39.99,39.99,high,low,8,namesilo,,,24/09/2026 07:12
79980303-fb61-4cb9-9a13-609f51fd574b,arenga.pub,available,39.99,39.99,medium,low,6,namesilo,,,20/09/2026 03:43
e23bf966-ece4-42cf-a697-1007cc7cfbd1,samba.pub,available,47.99,52.99,high,low,5,name.com,,,20/09/2026 04:00
25a88a9f-3173-413e-a76b-eb433e7727e7,indigen.pub,available,39.99,39.99,medium,low,7,namesilo,,,03/09/2026 13:47
6abcd9f2-c299-490f-8f25-47c04ea3d60a,burt.pub,available,39.99,39.99,medium,low,4,namesilo,,,25/09/2026 03:54
e2e8ae0d-22bd-4dd7-9baa-e43cbfd64c7a,barrels.pub,available,39.99,39.99,high,low,7,namesilo,,,22/09/2026 08:23
716897c1-4810-4329-97f3-58e9e543490d,susanna.pub,available,33.08,33.08,high,low,7,dynadot,,,28/09/2026 01:02
2fe1e8bf-9885-418a-be50-d37fbbb4e29a,hoagy.pub,available,42.98,51.98,high,low,5,namecheap,,,24/09/2026 20:07
378eff0a-550d-41ff-b67b-3ccd21f4a43c,joyless.pub,available,39.99,39.99,medium,low,7,namesilo,,,22/08/2026 14:04
8addd41d-6d92-4067-9e7d-fc16c2c4b0c6,tanya.pub,available,39.99,39.99,high,low,5,namesilo,,,28/09/2026 16:17
418498ea-5104-4f71-86d2-7673cf2d3660,abetment.pub,available,42.98,51.98,medium,low,8,namecheap,,,16/09/2026 15:17
b55166c2-d4cb-4100-8d41-af550700e8f3,impeccable.pub,available,39.99,39.99,high,low,10,namesilo,,,18/08/2026 00:09
4b6c5d0a-2825-472f-a7ca-0a1fd2121bd5,suggestion.pub,available,39.99,39.99,high,low,10,namesilo,,,25/09/2026 07:41
13cb26a4-d23a-48c1-85e6-44c27479844e,hereditary.pub,available,39.99,39.99,high,low,10,namesilo,,,
9f586c51-1673-47d9-ad6c-84358bd4f9ee,brainstorm.pub,available,39.99,39.99,high,low,10,namesilo,,,24/09/2026 08:05
6c98ce1c-121b-4dc4-a9c4-769f8b1b7b1d,mercuric.pub,available,39.99,39.99,medium,low,8,namesilo,,,24/08/2026 20:40
e8ffc2c0-4af2-4b95-9a62-e7c1c9454c47,kidnapper.pub,available,39.99,39.99,medium,low,9,namesilo,,,16/09/2026 14:52
45954276-a77d-4711-8dc8-665b47dc4a41,fortified.pub,available,39.99,39.99,high,low,9,namesilo,,,09/08/2026 00:17
2582a0f0-b72a-4b93-8d98-b9ae7345eaf2,venezuelan.pub,available,39.99,39.99,high,low,10,namesilo,,,13/09/2026 02:04
5ddb6d66-839d-4421-9ebe-332262b2405d,ruth.pub,available,39.99,39.99,high,low,4,namesilo,,,21/09/2026 12:34
84726b28-d9c3-4b53-8164-d9fa1bed6ecc,bridges.pub,available,39.99,39.99,high,low,7,namesilo,,,29/09/2026 04:06
08277bb5-5bf9-40de-b751-dd057a3e5fd7,enlivening.pub,available,39.99,39.99,high,low,10,namesilo,,,
adcc15d3-5c3f-4ea4-9b82-96c413519c8c,brownsville.pub,available,32.29,32.29,medium,low,11,spaceship,,,28/09/2026 08:10
92146465-8013-4730-843f-d9b7849c71c0,carboxyl.pub,available,39.99,39.99,medium,low,8,namesilo,,,11/08/2026 18:44
585625bc-4c6b-4c53-978a-5d184160eb08,uncapped.pub,available,39.99,39.99,medium,low,8,namesilo,,,12/09/2026 04:44
968b0ab7-f56f-4adf-b7fb-c4ee3382e279,absorbency.pub,available,42.98,51.98,medium,low,10,namecheap,,,16/09/2026 18:15
73cdec54-3295-4115-82aa-f18b2262a49e,couples.pub,available,39.99,39.99,medium,low,7,namesilo,,,
156237b0-72c7-4a12-9b68-e12cde935c65,greed.pub,available,39.99,39.99,high,low,5,namesilo,,,21/09/2026 08:43
44f2c38d-a9cf-4f83-9c46-b96dbca89843,aqaba.pub,available,39.99,39.99,medium,low,5,namesilo,,,17/09/2026 23:49
c237b775-c0c6-414c-96e7-6e861aadcbc3,scanners.pub,available,39.99,39.99,medium,low,8,namesilo,,,19/09/2026 22:09
4845eeb8-939e-4a44-9a12-b7d08815dfcd,contiguous.pub,available,39.99,39.99,medium,low,10,namesilo,,,12/08/2026 23:11
eaf25918-c77f-4fca-95cd-feab626f3d78,bifurcate.pub,available,42.98,51.98,high,low,9,namecheap,,,09/08/2026 20:08
3d1661b1-5c5c-4dc6-97be-d2a21e0e675c,routledge.pub,resell,,,medium,low,9,,,,28/09/2026 16:54
c76a678a-63bb-4282-9098-23fdc01adb45,inbound.pub,available,39.99,39.99,high,low,7,namesilo,,,22/08/2026 00:41
5d54dfe0-877a-45a8-9b55-f8a05fbc6699,impulse.pub,available,39.99,39.99,high,low,7,namesilo,,,
4b55befd-24b1-4fa5-b4f3-a9491ffe8aec,updates.pub,available,39.99,39.99,medium,low,7,namesilo,,,20/09/2026 08:39
0e6640ce-8ca8-4323-9b0c-521a00bae77e,arachnoid.pub,available,39.99,39.99,medium,low,9,namesilo,,,06/08/2026 11:41
bbd140d4-b022-40cd-b007-60eb6c077aca,granddad.pub,available,47.99,,high,low,8,name.com,,,
ca4487d4-9ffa-414d-b32b-3584e72190bd,voltage.pub,available,39.99,39.99,high,low,7,namesilo,,,29/09/2026 00:46
273fbade-84fb-42ae-810d-b13bcbb4a06a,geologic.pub,available,39.99,39.99,high,low,8,namesilo,,,18/08/2026 22:30
ff2416a6-25fc-4385-a15a-5170482000c8,abnormally.pub,available,39.99,39.99,medium,low,10,namesilo,,,13/09/2026 16:24
7319540e-a97a-4b04-b232-33d2b93fef1f,zoic.pub,available,39.99,39.99,medium,low,4,namesilo,,,13/09/2026 15:25
e8408ed9-c9a1-49f3-9c2f-e274a70cb828,gaudi.pub,available,39.99,39.99,medium,low,5,namesilo,,,19/09/2026 15:36
cfe8decf-89c5-4dd3-9e1e-9881a8a4917b,coalesced.pub,available,39.99,39.99,medium,low,9,namesilo,,,
85465c3d-7718-4f44-b74d-a764ed2757c4,rai.pub,available,42.98,51.98,high,low,3,namecheap,,,28/09/2026 04:12
7bf9096e-f62c-4d5d-b379-18893d8f77ff,bridal.pub,available,39.99,39.99,high,low,6,namesilo,,,11/08/2026 03:53
f09d7b35-936f-4972-90a0-09cfc61e5267,arsenic.pub,available,42.98,51.98,medium,low,7,namecheap,,,13/09/2026 21:07
9fa10692-522c-4bbe-aeee-3f26bdc5f987,balky.pub,available,39.99,39.99,medium,low,5,namesilo,,,08/08/2026 09:55
fc79af17-a4de-4074-a4d9-aa20ba979dd2,blazing.pub,available,39.99,39.99,high,low,7,namesilo,,,10/08/2026 13:33
a3053ef2-be12-4bc0-bb72-6299f5ff1ed3,fawning.pub,available,39.99,39.99,medium,low,7,namesilo,,,10/08/2026 19:43
225742c0-beb8-423f-8ad3-9034c4542dfc,unsalted.pub,available,39.99,39.99,medium,low,8,namesilo,,,12/09/2026 18:45
32a0236a-4a71-4505-a9dd-05cd3248ad23,primes.pub,available,39.99,39.99,medium,low,6,namesilo,,,20/09/2026 11:21
b9a2fa1c-ca3c-45b9-9a99-d43cd54598a3,overboard.pub,available,42.98,51.98,high,low,9,namecheap,,,15/09/2026 18:25
8d389699-9d58-4e1e-879c-3bc92660293e,lawful.pub,available,42.98,51.98,high,low,6,namecheap,,,22/08/2026 21:21
226c513e-9441-4ba6-a720-4d47a070df42,sidelong.pub,available,39.99,39.99,medium,low,8,namesilo,,,07/08/2026 03:26
1ece5df8-3450-4b65-8189-78fd9fee9bbb,throngs.pub,available,39.99,39.99,medium,low,7,namesilo,,,20/09/2026 14:21
8b68b40b-4add-4d1c-abb4-24b5c8064f5b,youngest.pub,available,39.99,39.99,high,low,8,namesilo,,,
2ad2728d-e647-44ce-9ee3-57fabda59aae,agar.pub,available,39.99,39.99,medium,low,4,namesilo,,,17/09/2026 16:14
4c6e11d3-b924-40a8-900e-9e757b355187,oversight.pub,available,39.99,39.99,high,low,9,namesilo,,,
346ce79f-9241-4e7e-bc79-ee3b3afcedc0,historic.pub,available,39.99,39.99,high,low,8,namesilo,,,21/08/2026 09:51
e3bc08bd-7ce7-451f-a14a-5ed14e267ea7,equid.pub,available,39.99,39.99,medium,low,5,namesilo,,,17/08/2026 11:47
e93ec81f-720c-4443-870a-f394b639ccd2,showing.pub,available,39.99,39.99,high,low,7,namesilo,,,25/09/2026 10:36
bf73284a-7e0f-4e5a-86ef-56b62e291ebb,xlii.pub,available,39.99,39.99,medium,low,4,namesilo,,,
b55fb6b1-0ec1-4ff9-a9be-06607fc1cd1c,esters.pub,available,32.44,32.44,low,low,6,porkbun,,,28/09/2026 13:25
f8ff3a8b-5bff-4fb6-9203-889dcbc92d7a,hypothesis.pub,available,39.99,39.99,high,low,10,namesilo,,,29/09/2026 02:33
ff1c8bc5-fc36-4e67-be09-d3d08f77983e,lxxxviii.pub,available,42.98,51.98,medium,low,8,namecheap,,,
771753d8-5d98-4fff-b87b-15622a12824b,aurelius.pub,available,42.98,51.98,medium,low,8,namecheap,,,19/09/2026 15:35
6cd7515a-f639-43a9-83ae-bce46c10e86a,nuclear.pub,available,39.99,39.99,high,low,7,namesilo,,,25/09/2026 23:22
7fcbcf14-3d64-4c31-ae2d-adf61529b933,victuals.pub,available,42.98,51.98,medium,low,8,namecheap,,,12/08/2026 18:52
0542093d-93f8-41a6-bbef-7b0eac2802d8,niches.pub,available,39.99,39.99,medium,low,6,namesilo,,,20/09/2026 09:56
92f5e6b4-f485-4847-b2bf-5a3037f9e0ff,affliction.pub,available,39.99,39.99,medium,low,10,namesilo,,,17/09/2026 14:39
ecbda9f6-927a-4c18-a001-ed96a52b9a58,masters.pub,available,47.99,,high,low,7,name.com,,,
6ebf1128-2f0c-4199-b4e5-0addc6c9b92c,wittily.pub,available,39.99,39.99,medium,low,7,namesilo,,,16/09/2026 11:35
9519dc4b-faf5-4f6e-bacf-38c033473676,kurds.pub,available,32.29,32.29,medium,low,5,spaceship,,,28/09/2026 05:10
059f045b-86e5-4318-87dd-3e3b06296db8,veteran.pub,available,39.99,39.99,high,low,7,namesilo,,,28/09/2026 10:15
5ed68310-ed44-44a5-a634-6fb334e183ae,wallow.pub,available,42.98,51.98,high,low,6,namecheap,,,23/09/2026 16:37
8131bd2a-a365-4f21-9061-18bb0bbc4ddb,imprisoned.pub,available,42.98,51.98,medium,low,10,namecheap,,,11/08/2026 18:22
d08b9b76-e83f-4831-b0e4-3bcdcf6e4712,marlborough.pub,available,39.99,39.99,medium,low,11,namesilo,,,27/09/2026 01:35
ad9ed9bd-ac52-410e-8776-9649b2ad926b,eternally.pub,available,39.99,39.99,high,low,9,namesilo,,,14/09/2026 16:17
7f0667a3-8113-47ae-ae81-d1a83b364d1f,slighting.pub,available,39.99,39.99,medium,low,9,namesilo,,,09/08/2026 13:15
bed5c1ba-5aa3-4cb5-b4a7-4c8c24583490,cleanable.pub,available,39.99,39.99,medium,low,9,namesilo,,,12/08/2026 10:19
33165f7d-b6be-46f5-8e48-73765cd82974,teenaged.pub,available,39.99,39.99,medium,low,8,namesilo,,,19/09/2026 04:34
4b3746ee-a184-4a46-bafe-b59095109ed9,palmate.pub,available,39.99,39.99,medium,low,7,namesilo,,,04/09/2026 23:55
cb6c6b8f-4e67-451e-aedd-7ff7d0450796,revolution.pub,available,47.99,,high,low,10,name.com,,,
6250bbd7-cb5b-4271-b2ac-ada98a9be58e,phil.pub,available,39.99,39.99,high,medium,4,namesilo,,,
1e9b3d2e-5e04-4d2c-a6b0-09e0a312ecd9,patron.pub,available,32.44,32.44,high,low,6,porkbun,,,28/09/2026 14:14
53e8df9f-f84b-4f14-b1b0-5f38f4f62148,incidence.pub,available,39.99,39.99,high,low,9,namesilo,,,
7e5395b6-e842-4035-b5d2-c323d6597805,producer.pub,available,39.99,39.99,high,low,8,namesilo,,,25/09/2026 10:38
166793dd-c7e9-43d0-9b76-cd02fbd47f99,speaks.pub,available,39.99,39.99,medium,low,6,namesilo,,,16/09/2026 07:20
6d7d4457-22bb-46e5-b9f4-5d00fcddc5bc,carnival.pub,available,39.99,39.99,high,low,8,namesilo,,,24/09/2026 16:10
39ef6c38-6deb-4045-90fe-0daa7cb5537e,chopper.pub,available,39.99,39.99,high,low,7,namesilo,,,08/09/2026 11:24
74cf7a81-0ac7-4289-b0af-5cec5c9d2f83,conserve.pub,available,39.99,39.99,high,low,8,namesilo,,,24/09/2026 17:27
93e1429c-dd33-44e1-bd1a-731b3393ad8b,newsy.pub,available,42.98,51.98,medium,low,5,namecheap,,,20/08/2026 17:15
c8164be3-3aef-41d8-8e00-afa306280e69,curvy.pub,available,42.98,51.98,high,low,5,namecheap,,,10/08/2026 20:32
173db794-d474-4db9-abb3-8bf188e08824,venushair.pub,available,39.99,39.99,medium,low,9,namesilo,,,17/09/2026 08:07
9372682a-eb34-467f-88a5-f7e0fb4a69f8,reviews.pub,premium,414.2,414.2,medium,low,7,spaceship,,,28/09/2026 23:12
d1767e51-8316-4561-a2f5-814fbd618df0,inuit.pub,available,42.98,51.98,medium,low,5,namecheap,,,28/09/2026 09:42
1a712c0a-2ad8-4ba8-8866-b3883bed7206,schnabel.pub,available,39.99,39.99,high,low,8,namesilo,,,20/09/2026 12:04
fe1a6540-d89f-4545-8ad5-298ef0094e8b,chapstick.pub,available,39.99,39.99,high,low,9,namesilo,,,
bcb8973e-f954-4212-82f0-0497235b715a,packages.pub,available,39.99,39.99,medium,low,8,namesilo,,,19/09/2026 00:23
12c22ea8-b1a8-407b-a4e9-70abe4c43131,possibilities.pub,available,39.99,39.99,medium,low,13,namesilo,,,16/09/2026 10:01
83c6019d-b72c-447d-9196-f686aeca7265,okey.pub,available,39.99,39.99,high,low,4,namesilo,,,03/09/2026 23:19
51469d9c-90a5-4afa-b2d8-563f3830b106,mates.pub,available,32.29,32.29,high,low,5,spaceship,,,28/09/2026 10:21
fed3fd06-eb42-4796-a411-48bf4bc09ab8,bleb.pub,available,39.99,39.99,medium,low,4,namesilo,,,24/09/2026 05:21
efe5f5d2-d93d-44ee-a3be-2d8e0ca82bf3,nipponese.pub,available,39.99,39.99,medium,low,9,namesilo,,,22/08/2026 12:24
5bb2cc3c-840f-44a5-91af-b8625ce61c25,intangible.pub,available,42.98,51.98,high,low,10,namecheap,,,21/08/2026 21:42
bf0ce5e2-4516-4ed4-af55-ec35dc40e545,containing.pub,available,31.2,31.2,medium,low,10,cloudflare,,,29/09/2026 03:15
2624a1e1-c2e0-4a8c-b1da-547f7e50bd00,waite.pub,available,32.29,32.29,medium,low,5,spaceship,,,28/09/2026 19:55
9c42e2b8-5604-4fb4-bc10-fc174fa024c2,trusting.pub,available,39.99,39.99,high,low,8,namesilo,,,11/09/2026 20:47
5f557acb-d32d-484b-8633-c59b1cfc775c,imuran.pub,available,39.99,39.99,medium,low,6,namesilo,,,21/09/2026 11:01
725da790-6841-48d5-916d-8d579316aa8f,nonu.pub,available,39.99,39.99,medium,low,5,namesilo,,,03/09/2026 18:37
5fe4189b-ea79-4dbc-9ef5-263594c7cb20,lento.pub,available,39.99,39.99,medium,low,5,namesilo,,,22/08/2026 23:53
8f35eefb-d7fa-4352-a921-c03ec5ea6c7c,inactive.pub,available,39.99,39.99,medium,low,8,namesilo,,,22/08/2026 00:11
72a2d243-e2db-455a-b2b0-e0ecf575ebc2,explanations.pub,available,39.99,39.99,medium,low,12,namesilo,,,17/09/2026 10:05
aaa26f4c-5487-4bc3-9037-0202cec99276,charlie.pub,available,42.98,51.98,high,medium,7,namecheap,,,25/09/2026 18:14
041c32de-93ec-42a1-bd4c-355d18c8e617,doubling.pub,available,39.99,39.99,high,low,8,namesilo,,,
bc1f6e3f-6414-4d14-a127-e94e905371cf,abatis.pub,available,39.99,39.99,medium,low,6,namesilo,,,16/09/2026 14:12
9d2ae054-49bc-489a-bd9a-668281895e93,petrograd.pub,available,33.08,33.08,medium,low,9,dynadot,,,29/09/2026 01:34
eb8d31f3-3d2c-43eb-ae4b-cbf5b4688e3a,aquatint.pub,available,39.99,39.99,medium,low,8,namesilo,,,19/09/2026 23:09
a7856710-5e54-4725-985d-d93d23c0fe64,puke.pub,available,39.99,39.99,medium,low,4,namesilo,,,11/08/2026 09:18
63b0e45a-e170-48bd-b6b8-6c142861529c,leaves.pub,available,39.99,39.99,medium,low,6,namesilo,,,08/09/2026 09:50
c6776773-d3f4-4396-9c2d-1c327b364c52,gimpy.pub,available,39.99,39.99,medium,low,5,namesilo,,,13/08/2026 07:05
5097e79a-61d3-4d59-811c-a4f63d29ec2e,error.pub,available,42.98,51.98,high,low,5,namecheap,,,24/09/2026 16:56
ae9cca93-905e-4b55-bb74-28ee0620ac4f,boondocks.pub,available,39.99,39.99,medium,low,9,namesilo,,,21/09/2026 14:32
159d400b-b699-496b-a10d-c69263e7cbe1,koran.pub,available,39.99,39.99,high,low,5,namesilo,,,18/09/2026 01:04
db2bcee8-2c25-4887-b403-1a358b8d1fe4,fey.pub,available,39.99,39.99,medium,low,3,namesilo,,,16/08/2026 03:39
6d2aa756-6549-4750-ab88-7fdfff3860db,seaworthy.pub,available,39.99,39.99,high,low,9,namesilo,,,10/09/2026 01:05
5118fb07-cf98-4a19-aa91-3934ef7a42cb,armet.pub,available,39.99,39.99,medium,low,5,namesilo,,,20/09/2026 06:49
e8165f5b-30cb-4340-a750-fb447c7c53a7,laughter.pub,available,39.99,39.99,high,low,8,namesilo,,,
44ee6af9-8a8b-4311-b6dc-5bfadece996a,lyndon.pub,available,42.98,51.98,medium,low,6,namecheap,,,25/09/2026 16:09
5ed6572c-d8b4-46a1-aa9c-b8c7e380e5f5,azt.pub,available,39.99,39.99,high,low,3,namesilo,,,21/09/2026 11:33
4c1dae14-70e0-4a2e-a68a-339cb9a52e4e,wastebin.pub,available,39.99,39.99,medium,low,8,namesilo,,,20/09/2026 13:38
d4d9f162-b0df-480e-9d94-625fe11c491f,welfare.pub,available,39.99,39.99,high,low,7,namesilo,,,08/09/2026 03:13
c901fc66-fec4-4997-87dd-70fd66223607,reclaimed.pub,available,39.99,39.99,high,low,9,namesilo,,,09/09/2026 11:36
2cc09bf6-18ac-46bf-99a8-1b500257d7fd,beanstalk.pub,available,39.99,39.99,high,low,9,namesilo,,,22/09/2026 20:43
b6e44df1-b3fd-48e8-b082-4f22ba428015,whatsoever.pub,available,39.99,39.99,medium,low,10,namesilo,,,22/09/2026 06:59
7c87ab1b-6a86-4e03-857c-28d11a8822b4,farmington.pub,available,39.99,39.99,medium,low,10,namesilo,,,28/09/2026 05:41
a9beb30a-931f-4ad5-8b8a-d333832b4cb1,inglorious.pub,available,42.98,51.98,medium,low,10,namecheap,,,21/08/2026 18:25
03c80ae4-ef36-4625-88c8-899c992f5937,unmerciful.pub,available,39.99,39.99,medium,low,10,namesilo,,,24/08/2026 20:38
832b4e78-4fd3-4905-a875-d8569b50382f,yawning.pub,available,39.99,39.99,high,low,7,namesilo,,,13/09/2026 14:18
64b52f77-0e9b-49b7-bcfb-c24fbb0b3c14,knowledge.pub,resell,,,high,low,9,"Chengdu West Dimension Digital Technology Co., Ltd.",01/05/2020 10:46,01/05/2027 10:46,28/09/2026 05:28
772c2880-fac0-478c-bb73-f32c1b3ff826,sensuous.pub,available,39.99,39.99,high,low,8,namesilo,,,10/09/2026 03:48
38bb17e5-c65f-42d2-94b3-25685ca763ce,maps.pub,premium,1107,1107,high,low,4,namesilo,,,
8e9c697f-2016-4fcc-9e40-508a52e9c3cc,alimental.pub,available,39.99,39.99,medium,low,9,namesilo,,,
5ec4f2f5-aa1e-4fe6-bb7b-13f8c001a60f,antique.pub,available,47.99,52.99,high,low,7,name.com,,,21/09/2026 22:23